tokenID,name,file_name,description,attributes[Background],attributes[Body],attributes[Clothes],attributes[Face],attributes[Hat]
1,NFT #1,1.png,Where apes meet haute couture. This uniquely dressed primate is part of the Ape Couture Society collection—ready to rock your digital world!,Light Blue,Leopard Ape,Summer,Pizza,Crown
10,NFT #10,10.png,Where apes meet haute couture. This uniquely dressed primate is part of the Ape Couture Society collection—ready to rock your digital world!,Purple,Black Ape,Tank Top White,Glasses,Halo
100,NFT #100,100.png,Where apes meet haute couture. This uniquely dressed primate is part of the Ape Couture Society collection—ready to rock your digital world!,Dark Blue,Brown Ape,Prisoner,Robot Eye,America Helmet
1000,NFT #1000,1000.png,Where apes meet haute couture. This uniquely dressed primate is part of the Ape Couture Society collection—ready to rock your digital world!,Dark Blue,Gold Ape,Suit,Pizza,Crown
101,NFT #101,101.png,Where apes meet haute couture. This uniquely dressed primate is part of the Ape Couture Society collection—ready to rock your digital world!,Purple,Brown Ape,Tank Top White,Eye Patch,Crown
102,NFT #102,102.png,Where apes meet haute couture. This uniquely dressed primate is part of the Ape Couture Society collection—ready to rock your digital world!,Purple,Pink Ape,Space,Beard,No Hat
103,NFT #103,103.png,Where apes meet haute couture. This uniquely dressed primate is part of the Ape Couture Society collection—ready to rock your digital world!,Neon Aqua,Brown Ape,Tank Top White,Robot Eye,Crown
104,NFT #104,104.png,Where apes meet haute couture. This uniquely dressed primate is part of the Ape Couture Society collection—ready to rock your digital world!,Olive Green,Black Ape,Plain Gray,Glasses,No Hat
105,NFT #105,105.png,Where apes meet haute couture. This uniquely dressed primate is part of the Ape Couture Society collection—ready to rock your digital world!,Orange,Yellow Ape,Army,Eye Patch,Halo
106,NFT #106,106.png,Where apes meet haute couture. This uniquely dressed primate is part of the Ape Couture Society collection—ready to rock your digital world!,Orange,Pink Ape,Tank Top White,Eye Patch,Cowboy Hat
107,NFT #107,107.png,Where apes meet haute couture. This uniquely dressed primate is part of the Ape Couture Society collection—ready to rock your digital world!,Dark Blue,Leopard Ape,Plain Blue,Robot Eye,America Helmet
108,NFT #108,108.png,Where apes meet haute couture. This uniquely dressed primate is part of the Ape Couture Society collection—ready to rock your digital world!,Gray,Brown Ape,Plain Blue,Pipe,No Hat
109,NFT #109,109.png,Where apes meet haute couture. This uniquely dressed primate is part of the Ape Couture Society collection—ready to rock your digital world!,Purple,Light Brown Ape,Sailor,Pipe,Party Hat
11,NFT #11,11.png,Where apes meet haute couture. This uniquely dressed primate is part of the Ape Couture Society collection—ready to rock your digital world!,Purple,Brown Ape,Tank Top White,Glasses,No Hat
110,NFT #110,110.png,Where apes meet haute couture. This uniquely dressed primate is part of the Ape Couture Society collection—ready to rock your digital world!,Gray,Light Brown Ape,Formal Red,Robot Eye,Cowboy Hat
111,NFT #111,111.png,Where apes meet haute couture. This uniquely dressed primate is part of the Ape Couture Society collection—ready to rock your digital world!,Dark Blue,Black Ape,Tank Top White,Cigarette,No Hat
112,NFT #112,112.png,Where apes meet haute couture. This uniquely dressed primate is part of the Ape Couture Society collection—ready to rock your digital world!,Neon Aqua,Light Gray Ape,Formal Red,Glasses,Halo
113,NFT #113,113.png,Where apes meet haute couture. This uniquely dressed primate is part of the Ape Couture Society collection—ready to rock your digital world!,Olive Green,Pink Ape,Formal Red,Bubblegum 2,America Helmet
114,NFT #114,114.png,Where apes meet haute couture. This uniquely dressed primate is part of the Ape Couture Society collection—ready to rock your digital world!,Neon Aqua,Black Ape,Suit,Bubblegum 1,America Helmet
115,NFT #115,115.png,Where apes meet haute couture. This uniquely dressed primate is part of the Ape Couture Society collection—ready to rock your digital world!,Olive Green,Pink Ape,Army,Cigar,Captain
116,NFT #116,116.png,Where apes meet haute couture. This uniquely dressed primate is part of the Ape Couture Society collection—ready to rock your digital world!,Gray,Light Brown Ape,Plain Blue,Mustache,Halo
117,NFT #117,117.png,Where apes meet haute couture. This uniquely dressed primate is part of the Ape Couture Society collection—ready to rock your digital world!,Yellow,Gray Ape,Plain Gray,Cigar,Cowboy Hat
118,NFT #118,118.png,Where apes meet haute couture. This uniquely dressed primate is part of the Ape Couture Society collection—ready to rock your digital world!,Gray,Yellow Ape,No Cloth,Bubblegum 1,Captain
119,NFT #119,119.png,Where apes meet haute couture. This uniquely dressed primate is part of the Ape Couture Society collection—ready to rock your digital world!,Dark Blue,Leopard Ape,Plain Gray,Bubblegum 1,Crown
12,NFT #12,12.png,Where apes meet haute couture. This uniquely dressed primate is part of the Ape Couture Society collection—ready to rock your digital world!,Orange,Gray Ape,Graphic Tee Two Mountain,Eyes Out,Party Hat
120,NFT #120,120.png,Where apes meet haute couture. This uniquely dressed primate is part of the Ape Couture Society collection—ready to rock your digital world!,Orange,Pink Ape,Prisoner,Eye Patch,No Hat
121,NFT #121,121.png,Where apes meet haute couture. This uniquely dressed primate is part of the Ape Couture Society collection—ready to rock your digital world!,Gray,Brown Ape,Graphic Tee Two Mountain,Cigarette,Party Hat
122,NFT #122,122.png,Where apes meet haute couture. This uniquely dressed primate is part of the Ape Couture Society collection—ready to rock your digital world!,Light Blue,Brown Ape,Summer,Cigar,Crown
123,NFT #123,123.png,Where apes meet haute couture. This uniquely dressed primate is part of the Ape Couture Society collection—ready to rock your digital world!,Yellow,Brown Ape,Tank Top White,Eyes Out,Halo
124,NFT #124,124.png,Where apes meet haute couture. This uniquely dressed primate is part of the Ape Couture Society collection—ready to rock your digital world!,Purple,Pink Ape,Prisoner,Laser Eyes,America Helmet
125,NFT #125,125.png,Where apes meet haute couture. This uniquely dressed primate is part of the Ape Couture Society collection—ready to rock your digital world!,Dark Blue,Brown Ape,Plain Blue,Robot Eye,Captain
126,NFT #126,126.png,Where apes meet haute couture. This uniquely dressed primate is part of the Ape Couture Society collection—ready to rock your digital world!,Purple,Gray Ape,No Cloth,Mustache,America Helmet
127,NFT #127,127.png,Where apes meet haute couture. This uniquely dressed primate is part of the Ape Couture Society collection—ready to rock your digital world!,Olive Green,Brown Ape,Graphic Tee Two Mountain,Bubblegum 2,Halo
128,NFT #128,128.png,Where apes meet haute couture. This uniquely dressed primate is part of the Ape Couture Society collection—ready to rock your digital world!,Dark Blue,Brown Ape,Tank Top White,Beard,Sailor Hat
129,NFT #129,129.png,Where apes meet haute couture. This uniquely dressed primate is part of the Ape Couture Society collection—ready to rock your digital world!,Light Blue,Light Gray Ape,Space,Glasses,Cowboy Hat
13,NFT #13,13.png,Where apes meet haute couture. This uniquely dressed primate is part of the Ape Couture Society collection—ready to rock your digital world!,Dark Blue,Gray Ape,Suit,Eye Patch,Captain
130,NFT #130,130.png,Where apes meet haute couture. This uniquely dressed primate is part of the Ape Couture Society collection—ready to rock your digital world!,Orange,Pink Ape,Tank Top White,Mustache,Sailor Hat
131,NFT #131,131.png,Where apes meet haute couture. This uniquely dressed primate is part of the Ape Couture Society collection—ready to rock your digital world!,Dark Blue,Light Brown Ape,Formal Red,Pipe,Halo
132,NFT #132,132.png,Where apes meet haute couture. This uniquely dressed primate is part of the Ape Couture Society collection—ready to rock your digital world!,Light Blue,Gray Ape,Tank Top White,Eye Patch,Halo
133,NFT #133,133.png,Where apes meet haute couture. This uniquely dressed primate is part of the Ape Couture Society collection—ready to rock your digital world!,Light Blue,Gold Ape,Tank Top White,Robot Eye,Halo
134,NFT #134,134.png,Where apes meet haute couture. This uniquely dressed primate is part of the Ape Couture Society collection—ready to rock your digital world!,Yellow,Gray Ape,Plain Gray,Eye Patch,Party Hat
135,NFT #135,135.png,Where apes meet haute couture. This uniquely dressed primate is part of the Ape Couture Society collection—ready to rock your digital world!,Gray,Brown Ape,Prisoner,Laser Eyes,America Helmet
136,NFT #136,136.png,Where apes meet haute couture. This uniquely dressed primate is part of the Ape Couture Society collection—ready to rock your digital world!,Light Blue,Gray Ape,No Cloth,Cigar,America Helmet
137,NFT #137,137.png,Where apes meet haute couture. This uniquely dressed primate is part of the Ape Couture Society collection—ready to rock your digital world!,Yellow,Leopard Ape,Army,Robot Eye,No Hat
138,NFT #138,138.png,Where apes meet haute couture. This uniquely dressed primate is part of the Ape Couture Society collection—ready to rock your digital world!,Olive Green,Gray Ape,Tank Top White,Pizza,Cowboy Hat
139,NFT #139,139.png,Where apes meet haute couture. This uniquely dressed primate is part of the Ape Couture Society collection—ready to rock your digital world!,Neon Aqua,Light Brown Ape,Plain Gray,Eyes Out,Crown
14,NFT #14,14.png,Where apes meet haute couture. This uniquely dressed primate is part of the Ape Couture Society collection—ready to rock your digital world!,Neon Aqua,Leopard Ape,Plain Gray,Eye Patch,Crown
140,NFT #140,140.png,Where apes meet haute couture. This uniquely dressed primate is part of the Ape Couture Society collection—ready to rock your digital world!,Light Blue,Light Gray Ape,Prisoner,Cigarette,No Hat
141,NFT #141,141.png,Where apes meet haute couture. This uniquely dressed primate is part of the Ape Couture Society collection—ready to rock your digital world!,Purple,Gray Ape,Summer,Cigar,Halo
142,NFT #142,142.png,Where apes meet haute couture. This uniquely dressed primate is part of the Ape Couture Society collection—ready to rock your digital world!,Yellow,Brown Ape,No Cloth,Eyes Out,Halo
143,NFT #143,143.png,Where apes meet haute couture. This uniquely dressed primate is part of the Ape Couture Society collection—ready to rock your digital world!,Light Blue,Light Brown Ape,Space,Eye Patch,Sailor Hat
144,NFT #144,144.png,Where apes meet haute couture. This uniquely dressed primate is part of the Ape Couture Society collection—ready to rock your digital world!,Light Blue,Yellow Ape,Plain Gray,Laser Eyes,Captain
145,NFT #145,145.png,Where apes meet haute couture. This uniquely dressed primate is part of the Ape Couture Society collection—ready to rock your digital world!,Neon Aqua,Light Gray Ape,Sailor,Cigar,Captain
146,NFT #146,146.png,Where apes meet haute couture. This uniquely dressed primate is part of the Ape Couture Society collection—ready to rock your digital world!,Orange,Black Ape,Prisoner,Pizza,Halo
147,NFT #147,147.png,Where apes meet haute couture. This uniquely dressed primate is part of the Ape Couture Society collection—ready to rock your digital world!,Gray,Black Ape,Tank Top White,Beard,Sailor Hat
148,NFT #148,148.png,Where apes meet haute couture. This uniquely dressed primate is part of the Ape Couture Society collection—ready to rock your digital world!,Olive Green,Yellow Ape,Space,Eye Patch,No Hat
149,NFT #149,149.png,Where apes meet haute couture. This uniquely dressed primate is part of the Ape Couture Society collection—ready to rock your digital world!,Light Blue,Light Brown Ape,Prisoner,Mustache,Captain
15,NFT #15,15.png,Where apes meet haute couture. This uniquely dressed primate is part of the Ape Couture Society collection—ready to rock your digital world!,Dark Blue,Black Ape,Sailor,Cigarette,No Hat
150,NFT #150,150.png,Where apes meet haute couture. This uniquely dressed primate is part of the Ape Couture Society collection—ready to rock your digital world!,Light Blue,Light Gray Ape,Formal Red,Robot Eye,Cowboy Hat
151,NFT #151,151.png,Where apes meet haute couture. This uniquely dressed primate is part of the Ape Couture Society collection—ready to rock your digital world!,Gray,Brown Ape,Summer,Robot Eye,Halo
152,NFT #152,152.png,Where apes meet haute couture. This uniquely dressed primate is part of the Ape Couture Society collection—ready to rock your digital world!,Yellow,Light Gray Ape,Sailor,Beard,Halo
153,NFT #153,153.png,Where apes meet haute couture. This uniquely dressed primate is part of the Ape Couture Society collection—ready to rock your digital world!,Orange,Light Gray Ape,Plain Blue,Eyes Out,No Hat
154,NFT #154,154.png,Where apes meet haute couture. This uniquely dressed primate is part of the Ape Couture Society collection—ready to rock your digital world!,Neon Aqua,Gray Ape,Space,Eye Patch,Captain
155,NFT #155,155.png,Where apes meet haute couture. This uniquely dressed primate is part of the Ape Couture Society collection—ready to rock your digital world!,Light Blue,Light Brown Ape,No Cloth,Cigarette,Party Hat
156,NFT #156,156.png,Where apes meet haute couture. This uniquely dressed primate is part of the Ape Couture Society collection—ready to rock your digital world!,Gray,Pink Ape,Plain Blue,Robot Eye,Cowboy Hat
157,NFT #157,157.png,Where apes meet haute couture. This uniquely dressed primate is part of the Ape Couture Society collection—ready to rock your digital world!,Gray,Black Ape,Sailor,Eye Patch,Crown
158,NFT #158,158.png,Where apes meet haute couture. This uniquely dressed primate is part of the Ape Couture Society collection—ready to rock your digital world!,Neon Aqua,Black Ape,Army,Glasses,No Hat
159,NFT #159,159.png,Where apes meet haute couture. This uniquely dressed primate is part of the Ape Couture Society collection—ready to rock your digital world!,Dark Blue,Light Brown Ape,Prisoner,Beard,No Hat
16,NFT #16,16.png,Where apes meet haute couture. This uniquely dressed primate is part of the Ape Couture Society collection—ready to rock your digital world!,Purple,Gray Ape,Plain Gray,Cigar,Captain
160,NFT #160,160.png,Where apes meet haute couture. This uniquely dressed primate is part of the Ape Couture Society collection—ready to rock your digital world!,Gray,Gray Ape,No Cloth,Glasses,Sailor Hat
161,NFT #161,161.png,Where apes meet haute couture. This uniquely dressed primate is part of the Ape Couture Society collection—ready to rock your digital world!,Olive Green,Brown Ape,Graphic Tee Two Mountain,Eye Patch,No Hat
162,NFT #162,162.png,Where apes meet haute couture. This uniquely dressed primate is part of the Ape Couture Society collection—ready to rock your digital world!,Orange,Leopard Ape,Space,Bubblegum 1,Halo
163,NFT #163,163.png,Where apes meet haute couture. This uniquely dressed primate is part of the Ape Couture Society collection—ready to rock your digital world!,Orange,Black Ape,Plain Blue,Pipe,No Hat
164,NFT #164,164.png,Where apes meet haute couture. This uniquely dressed primate is part of the Ape Couture Society collection—ready to rock your digital world!,Olive Green,Brown Ape,Prisoner,Glasses,Captain
165,NFT #165,165.png,Where apes meet haute couture. This uniquely dressed primate is part of the Ape Couture Society collection—ready to rock your digital world!,Yellow,Pink Ape,Prisoner,Cigar,Captain
166,NFT #166,166.png,Where apes meet haute couture. This uniquely dressed primate is part of the Ape Couture Society collection—ready to rock your digital world!,Light Blue,Pink Ape,Summer,Glasses,Halo
167,NFT #167,167.png,Where apes meet haute couture. This uniquely dressed primate is part of the Ape Couture Society collection—ready to rock your digital world!,Gray,Light Brown Ape,Tank Top White,Eye Patch,Cowboy Hat
168,NFT #168,168.png,Where apes meet haute couture. This uniquely dressed primate is part of the Ape Couture Society collection—ready to rock your digital world!,Olive Green,Light Gray Ape,Formal Red,Beard,No Hat
169,NFT #169,169.png,Where apes meet haute couture. This uniquely dressed primate is part of the Ape Couture Society collection—ready to rock your digital world!,Olive Green,Brown Ape,Sailor,Pipe,America Helmet
17,NFT #17,17.png,Where apes meet haute couture. This uniquely dressed primate is part of the Ape Couture Society collection—ready to rock your digital world!,Gray,Black Ape,Tank Top White,Beard,Cowboy Hat
170,NFT #170,170.png,Where apes meet haute couture. This uniquely dressed primate is part of the Ape Couture Society collection—ready to rock your digital world!,Purple,Gold Ape,No Cloth,Pizza,Sailor Hat
171,NFT #171,171.png,Where apes meet haute couture. This uniquely dressed primate is part of the Ape Couture Society collection—ready to rock your digital world!,Purple,Black Ape,No Cloth,Glasses,Sailor Hat
172,NFT #172,172.png,Where apes meet haute couture. This uniquely dressed primate is part of the Ape Couture Society collection—ready to rock your digital world!,Light Blue,Black Ape,Plain Blue,Cigar,Halo
173,NFT #173,173.png,Where apes meet haute couture. This uniquely dressed primate is part of the Ape Couture Society collection—ready to rock your digital world!,Yellow,Brown Ape,Tank Top White,Beard,Cowboy Hat
174,NFT #174,174.png,Where apes meet haute couture. This uniquely dressed primate is part of the Ape Couture Society collection—ready to rock your digital world!,Yellow,Gray Ape,Summer,Eyes Out,No Hat
175,NFT #175,175.png,Where apes meet haute couture. This uniquely dressed primate is part of the Ape Couture Society collection—ready to rock your digital world!,Yellow,Yellow Ape,Tank Top White,Eye Patch,Cowboy Hat
176,NFT #176,176.png,Where apes meet haute couture. This uniquely dressed primate is part of the Ape Couture Society collection—ready to rock your digital world!,Dark Blue,Light Brown Ape,Graphic Tee Two Mountain,Cigarette,Cowboy Hat
177,NFT #177,177.png,Where apes meet haute couture. This uniquely dressed primate is part of the Ape Couture Society collection—ready to rock your digital world!,Neon Aqua,Light Brown Ape,Graphic Tee Two Mountain,Beard,Cowboy Hat
178,NFT #178,178.png,Where apes meet haute couture. This uniquely dressed primate is part of the Ape Couture Society collection—ready to rock your digital world!,Light Blue,Light Gray Ape,Sailor,Beard,Sailor Hat
179,NFT #179,179.png,Where apes meet haute couture. This uniquely dressed primate is part of the Ape Couture Society collection—ready to rock your digital world!,Purple,Light Gray Ape,Formal Red,Eye Patch,No Hat
18,NFT #18,18.png,Where apes meet haute couture. This uniquely dressed primate is part of the Ape Couture Society collection—ready to rock your digital world!,Neon Aqua,Pink Ape,Tank Top White,Glasses,No Hat
180,NFT #180,180.png,Where apes meet haute couture. This uniquely dressed primate is part of the Ape Couture Society collection—ready to rock your digital world!,Yellow,Gold Ape,Space,Beard,Halo
181,NFT #181,181.png,Where apes meet haute couture. This uniquely dressed primate is part of the Ape Couture Society collection—ready to rock your digital world!,Light Blue,Pink Ape,Sailor,Laser Eyes,America Helmet
182,NFT #182,182.png,Where apes meet haute couture. This uniquely dressed primate is part of the Ape Couture Society collection—ready to rock your digital world!,Yellow,Light Gray Ape,Graphic Tee Two Mountain,Pipe,Captain
183,NFT #183,183.png,Where apes meet haute couture. This uniquely dressed primate is part of the Ape Couture Society collection—ready to rock your digital world!,Orange,Brown Ape,Sailor,Cigar,No Hat
184,NFT #184,184.png,Where apes meet haute couture. This uniquely dressed primate is part of the Ape Couture Society collection—ready to rock your digital world!,Yellow,Light Gray Ape,Graphic Tee Two Mountain,Beard,Crown
185,NFT #185,185.png,Where apes meet haute couture. This uniquely dressed primate is part of the Ape Couture Society collection—ready to rock your digital world!,Neon Aqua,Black Ape,Graphic Tee Two Mountain,Mustache,Sailor Hat
186,NFT #186,186.png,Where apes meet haute couture. This uniquely dressed primate is part of the Ape Couture Society collection—ready to rock your digital world!,Light Blue,Gray Ape,Army,Beard,Crown
187,NFT #187,187.png,Where apes meet haute couture. This uniquely dressed primate is part of the Ape Couture Society collection—ready to rock your digital world!,Neon Aqua,Gray Ape,Plain Gray,Mustache,No Hat
188,NFT #188,188.png,Where apes meet haute couture. This uniquely dressed primate is part of the Ape Couture Society collection—ready to rock your digital world!,Dark Blue,Gray Ape,Space,Beard,Cowboy Hat
189,NFT #189,189.png,Where apes meet haute couture. This uniquely dressed primate is part of the Ape Couture Society collection—ready to rock your digital world!,Yellow,Leopard Ape,Space,Glasses,Captain
19,NFT #19,19.png,Where apes meet haute couture. This uniquely dressed primate is part of the Ape Couture Society collection—ready to rock your digital world!,Yellow,Light Brown Ape,Army,Pizza,Sailor Hat
190,NFT #190,190.png,Where apes meet haute couture. This uniquely dressed primate is part of the Ape Couture Society collection—ready to rock your digital world!,Orange,Light Brown Ape,No Cloth,Glasses,Halo
191,NFT #191,191.png,Where apes meet haute couture. This uniquely dressed primate is part of the Ape Couture Society collection—ready to rock your digital world!,Olive Green,Black Ape,No Cloth,Eye Patch,No Hat
192,NFT #192,192.png,Where apes meet haute couture. This uniquely dressed primate is part of the Ape Couture Society collection—ready to rock your digital world!,Orange,Black Ape,Plain Blue,Glasses,Halo
193,NFT #193,193.png,Where apes meet haute couture. This uniquely dressed primate is part of the Ape Couture Society collection—ready to rock your digital world!,Neon Aqua,Leopard Ape,Plain Gray,Robot Eye,Cowboy Hat
194,NFT #194,194.png,Where apes meet haute couture. This uniquely dressed primate is part of the Ape Couture Society collection—ready to rock your digital world!,Orange,Yellow Ape,Army,Cigar,Captain
195,NFT #195,195.png,Where apes meet haute couture. This uniquely dressed primate is part of the Ape Couture Society collection—ready to rock your digital world!,Orange,Pink Ape,Tank Top White,Bubblegum 2,Halo
196,NFT #196,196.png,Where apes meet haute couture. This uniquely dressed primate is part of the Ape Couture Society collection—ready to rock your digital world!,Yellow,Black Ape,No Cloth,Robot Eye,Cowboy Hat
197,NFT #197,197.png,Where apes meet haute couture. This uniquely dressed primate is part of the Ape Couture Society collection—ready to rock your digital world!,Neon Aqua,Light Gray Ape,Space,Bubblegum 2,Halo
198,NFT #198,198.png,Where apes meet haute couture. This uniquely dressed primate is part of the Ape Couture Society collection—ready to rock your digital world!,Yellow,Gray Ape,Summer,Eye Patch,Captain
199,NFT #199,199.png,Where apes meet haute couture. This uniquely dressed primate is part of the Ape Couture Society collection—ready to rock your digital world!,Dark Blue,Light Brown Ape,Plain Blue,Eye Patch,America Helmet
2,NFT #2,2.png,Where apes meet haute couture. This uniquely dressed primate is part of the Ape Couture Society collection—ready to rock your digital world!,Purple,Yellow Ape,Suit,Pipe,Crown
20,NFT #20,20.png,Where apes meet haute couture. This uniquely dressed primate is part of the Ape Couture Society collection—ready to rock your digital world!,Light Blue,Light Brown Ape,No Cloth,Glasses,No Hat
200,NFT #200,200.png,Where apes meet haute couture. This uniquely dressed primate is part of the Ape Couture Society collection—ready to rock your digital world!,Olive Green,Gray Ape,No Cloth,Cigar,Cowboy Hat
201,NFT #201,201.png,Where apes meet haute couture. This uniquely dressed primate is part of the Ape Couture Society collection—ready to rock your digital world!,Orange,Brown Ape,Formal Red,Mustache,No Hat
202,NFT #202,202.png,Where apes meet haute couture. This uniquely dressed primate is part of the Ape Couture Society collection—ready to rock your digital world!,Gray,Brown Ape,Tank Top White,Mustache,No Hat
203,NFT #203,203.png,Where apes meet haute couture. This uniquely dressed primate is part of the Ape Couture Society collection—ready to rock your digital world!,Light Blue,Black Ape,Prisoner,Mustache,Halo
204,NFT #204,204.png,Where apes meet haute couture. This uniquely dressed primate is part of the Ape Couture Society collection—ready to rock your digital world!,Gray,Pink Ape,Sailor,Pipe,Party Hat
205,NFT #205,205.png,Where apes meet haute couture. This uniquely dressed primate is part of the Ape Couture Society collection—ready to rock your digital world!,Dark Blue,Brown Ape,Prisoner,Robot Eye,Sailor Hat
206,NFT #206,206.png,Where apes meet haute couture. This uniquely dressed primate is part of the Ape Couture Society collection—ready to rock your digital world!,Olive Green,Leopard Ape,Plain Gray,Glasses,Captain
207,NFT #207,207.png,Where apes meet haute couture. This uniquely dressed primate is part of the Ape Couture Society collection—ready to rock your digital world!,Olive Green,Light Brown Ape,Sailor,Robot Eye,No Hat
208,NFT #208,208.png,Where apes meet haute couture. This uniquely dressed primate is part of the Ape Couture Society collection—ready to rock your digital world!,Purple,Pink Ape,Tank Top White,Robot Eye,No Hat
209,NFT #209,209.png,Where apes meet haute couture. This uniquely dressed primate is part of the Ape Couture Society collection—ready to rock your digital world!,Orange,Gray Ape,Formal Red,Glasses,Cowboy Hat
21,NFT #21,21.png,Where apes meet haute couture. This uniquely dressed primate is part of the Ape Couture Society collection—ready to rock your digital world!,Purple,Black Ape,Tank Top White,Beard,No Hat
210,NFT #210,210.png,Where apes meet haute couture. This uniquely dressed primate is part of the Ape Couture Society collection—ready to rock your digital world!,Yellow,Pink Ape,Army,Laser Eyes,No Hat
211,NFT #211,211.png,Where apes meet haute couture. This uniquely dressed primate is part of the Ape Couture Society collection—ready to rock your digital world!,Dark Blue,Pink Ape,Army,Robot Eye,America Helmet
212,NFT #212,212.png,Where apes meet haute couture. This uniquely dressed primate is part of the Ape Couture Society collection—ready to rock your digital world!,Purple,Light Gray Ape,Space,Mustache,Halo
213,NFT #213,213.png,Where apes meet haute couture. This uniquely dressed primate is part of the Ape Couture Society collection—ready to rock your digital world!,Dark Blue,Gray Ape,Graphic Tee Two Mountain,Eyes Out,Halo
214,NFT #214,214.png,Where apes meet haute couture. This uniquely dressed primate is part of the Ape Couture Society collection—ready to rock your digital world!,Olive Green,Light Brown Ape,Prisoner,Mustache,Cowboy Hat
215,NFT #215,215.png,Where apes meet haute couture. This uniquely dressed primate is part of the Ape Couture Society collection—ready to rock your digital world!,Gray,Brown Ape,Plain Gray,Eye Patch,America Helmet
216,NFT #216,216.png,Where apes meet haute couture. This uniquely dressed primate is part of the Ape Couture Society collection—ready to rock your digital world!,Purple,Light Brown Ape,Tank Top White,Beard,Captain
217,NFT #217,217.png,Where apes meet haute couture. This uniquely dressed primate is part of the Ape Couture Society collection—ready to rock your digital world!,Light Blue,Black Ape,Army,Cigar,Sailor Hat
218,NFT #218,218.png,Where apes meet haute couture. This uniquely dressed primate is part of the Ape Couture Society collection—ready to rock your digital world!,Orange,Pink Ape,Space,Glasses,Cowboy Hat
219,NFT #219,219.png,Where apes meet haute couture. This uniquely dressed primate is part of the Ape Couture Society collection—ready to rock your digital world!,Purple,Gray Ape,No Cloth,Eye Patch,Halo
22,NFT #22,22.png,Where apes meet haute couture. This uniquely dressed primate is part of the Ape Couture Society collection—ready to rock your digital world!,Gray,Light Brown Ape,Sailor,Eye Patch,Cowboy Hat
220,NFT #220,220.png,Where apes meet haute couture. This uniquely dressed primate is part of the Ape Couture Society collection—ready to rock your digital world!,Olive Green,Black Ape,Tank Top White,Robot Eye,No Hat
221,NFT #221,221.png,Where apes meet haute couture. This uniquely dressed primate is part of the Ape Couture Society collection—ready to rock your digital world!,Neon Aqua,Yellow Ape,Army,Pizza,Crown
222,NFT #222,222.png,Where apes meet haute couture. This uniquely dressed primate is part of the Ape Couture Society collection—ready to rock your digital world!,Purple,Gold Ape,Tank Top White,Cigar,Sailor Hat
223,NFT #223,223.png,Where apes meet haute couture. This uniquely dressed primate is part of the Ape Couture Society collection—ready to rock your digital world!,Dark Blue,Light Gray Ape,Army,Laser Eyes,No Hat
224,NFT #224,224.png,Where apes meet haute couture. This uniquely dressed primate is part of the Ape Couture Society collection—ready to rock your digital world!,Yellow,Light Gray Ape,Prisoner,Glasses,America Helmet
225,NFT #225,225.png,Where apes meet haute couture. This uniquely dressed primate is part of the Ape Couture Society collection—ready to rock your digital world!,Gray,Brown Ape,Army,Pipe,Halo
226,NFT #226,226.png,Where apes meet haute couture. This uniquely dressed primate is part of the Ape Couture Society collection—ready to rock your digital world!,Yellow,Black Ape,Tank Top White,Eye Patch,Halo
227,NFT #227,227.png,Where apes meet haute couture. This uniquely dressed primate is part of the Ape Couture Society collection—ready to rock your digital world!,Gray,Brown Ape,No Cloth,Cigarette,America Helmet
228,NFT #228,228.png,Where apes meet haute couture. This uniquely dressed primate is part of the Ape Couture Society collection—ready to rock your digital world!,Purple,Pink Ape,Tank Top White,Glasses,No Hat
229,NFT #229,229.png,Where apes meet haute couture. This uniquely dressed primate is part of the Ape Couture Society collection—ready to rock your digital world!,Olive Green,Pink Ape,Sailor,Bubblegum 2,Halo
23,NFT #23,23.png,Where apes meet haute couture. This uniquely dressed primate is part of the Ape Couture Society collection—ready to rock your digital world!,Yellow,Black Ape,Formal Red,Pizza,Captain
230,NFT #230,230.png,Where apes meet haute couture. This uniquely dressed primate is part of the Ape Couture Society collection—ready to rock your digital world!,Yellow,Light Brown Ape,Sailor,Bubblegum 2,Party Hat
231,NFT #231,231.png,Where apes meet haute couture. This uniquely dressed primate is part of the Ape Couture Society collection—ready to rock your digital world!,Olive Green,Light Gray Ape,Sailor,Beard,America Helmet
232,NFT #232,232.png,Where apes meet haute couture. This uniquely dressed primate is part of the Ape Couture Society collection—ready to rock your digital world!,Neon Aqua,Pink Ape,Plain Blue,Glasses,Crown
233,NFT #233,233.png,Where apes meet haute couture. This uniquely dressed primate is part of the Ape Couture Society collection—ready to rock your digital world!,Purple,Brown Ape,Prisoner,Beard,Cowboy Hat
234,NFT #234,234.png,Where apes meet haute couture. This uniquely dressed primate is part of the Ape Couture Society collection—ready to rock your digital world!,Gray,Gold Ape,Plain Gray,Eye Patch,No Hat
235,NFT #235,235.png,Where apes meet haute couture. This uniquely dressed primate is part of the Ape Couture Society collection—ready to rock your digital world!,Dark Blue,Black Ape,Army,Bubblegum 1,Sailor Hat
236,NFT #236,236.png,Where apes meet haute couture. This uniquely dressed primate is part of the Ape Couture Society collection—ready to rock your digital world!,Neon Aqua,Yellow Ape,Plain Gray,Bubblegum 1,Crown
237,NFT #237,237.png,Where apes meet haute couture. This uniquely dressed primate is part of the Ape Couture Society collection—ready to rock your digital world!,Olive Green,Light Brown Ape,Sailor,Beard,Party Hat
238,NFT #238,238.png,Where apes meet haute couture. This uniquely dressed primate is part of the Ape Couture Society collection—ready to rock your digital world!,Dark Blue,Pink Ape,Plain Gray,Mustache,Halo
239,NFT #239,239.png,Where apes meet haute couture. This uniquely dressed primate is part of the Ape Couture Society collection—ready to rock your digital world!,Neon Aqua,Brown Ape,Prisoner,Robot Eye,Cowboy Hat
24,NFT #24,24.png,Where apes meet haute couture. This uniquely dressed primate is part of the Ape Couture Society collection—ready to rock your digital world!,Light Blue,Gray Ape,Sailor,Pipe,Sailor Hat
240,NFT #240,240.png,Where apes meet haute couture. This uniquely dressed primate is part of the Ape Couture Society collection—ready to rock your digital world!,Gray,Pink Ape,Graphic Tee Two Mountain,Robot Eye,America Helmet
241,NFT #241,241.png,Where apes meet haute couture. This uniquely dressed primate is part of the Ape Couture Society collection—ready to rock your digital world!,Neon Aqua,Yellow Ape,Plain Blue,Robot Eye,Sailor Hat
242,NFT #242,242.png,Where apes meet haute couture. This uniquely dressed primate is part of the Ape Couture Society collection—ready to rock your digital world!,Orange,Light Brown Ape,No Cloth,Cigar,Cowboy Hat
243,NFT #243,243.png,Where apes meet haute couture. This uniquely dressed primate is part of the Ape Couture Society collection—ready to rock your digital world!,Olive Green,Pink Ape,No Cloth,Glasses,Party Hat
244,NFT #244,244.png,Where apes meet haute couture. This uniquely dressed primate is part of the Ape Couture Society collection—ready to rock your digital world!,Gray,Yellow Ape,Plain Blue,Robot Eye,Party Hat
245,NFT #245,245.png,Where apes meet haute couture. This uniquely dressed primate is part of the Ape Couture Society collection—ready to rock your digital world!,Orange,Gray Ape,Suit,Mustache,No Hat
246,NFT #246,246.png,Where apes meet haute couture. This uniquely dressed primate is part of the Ape Couture Society collection—ready to rock your digital world!,Olive Green,Black Ape,No Cloth,Robot Eye,Captain
247,NFT #247,247.png,Where apes meet haute couture. This uniquely dressed primate is part of the Ape Couture Society collection—ready to rock your digital world!,Dark Blue,Yellow Ape,Graphic Tee Two Mountain,Bubblegum 1,Party Hat
248,NFT #248,248.png,Where apes meet haute couture. This uniquely dressed primate is part of the Ape Couture Society collection—ready to rock your digital world!,Dark Blue,Leopard Ape,Sailor,Eyes Out,Halo
249,NFT #249,249.png,Where apes meet haute couture. This uniquely dressed primate is part of the Ape Couture Society collection—ready to rock your digital world!,Gray,Light Gray Ape,Army,Bubblegum 2,Sailor Hat
25,NFT #25,25.png,Where apes meet haute couture. This uniquely dressed primate is part of the Ape Couture Society collection—ready to rock your digital world!,Orange,Gray Ape,Prisoner,Glasses,Party Hat
250,NFT #250,250.png,Where apes meet haute couture. This uniquely dressed primate is part of the Ape Couture Society collection—ready to rock your digital world!,Light Blue,Leopard Ape,Tank Top White,Cigar,Sailor Hat
251,NFT #251,251.png,Where apes meet haute couture. This uniquely dressed primate is part of the Ape Couture Society collection—ready to rock your digital world!,Neon Aqua,Brown Ape,Summer,Robot Eye,Sailor Hat
252,NFT #252,252.png,Where apes meet haute couture. This uniquely dressed primate is part of the Ape Couture Society collection—ready to rock your digital world!,Neon Aqua,Pink Ape,Prisoner,Glasses,No Hat
253,NFT #253,253.png,Where apes meet haute couture. This uniquely dressed primate is part of the Ape Couture Society collection—ready to rock your digital world!,Orange,Light Brown Ape,No Cloth,Beard,Crown
254,NFT #254,254.png,Where apes meet haute couture. This uniquely dressed primate is part of the Ape Couture Society collection—ready to rock your digital world!,Olive Green,Gray Ape,No Cloth,Glasses,Cowboy Hat
255,NFT #255,255.png,Where apes meet haute couture. This uniquely dressed primate is part of the Ape Couture Society collection—ready to rock your digital world!,Light Blue,Light Brown Ape,Plain Blue,Mustache,Party Hat
256,NFT #256,256.png,Where apes meet haute couture. This uniquely dressed primate is part of the Ape Couture Society collection—ready to rock your digital world!,Light Blue,Gray Ape,No Cloth,Eye Patch,Captain
257,NFT #257,257.png,Where apes meet haute couture. This uniquely dressed primate is part of the Ape Couture Society collection—ready to rock your digital world!,Gray,Black Ape,Suit,Glasses,No Hat
258,NFT #258,258.png,Where apes meet haute couture. This uniquely dressed primate is part of the Ape Couture Society collection—ready to rock your digital world!,Dark Blue,Light Gray Ape,Army,Robot Eye,Cowboy Hat
259,NFT #259,259.png,Where apes meet haute couture. This uniquely dressed primate is part of the Ape Couture Society collection—ready to rock your digital world!,Purple,Gray Ape,Plain Blue,Bubblegum 1,America Helmet
26,NFT #26,26.png,Where apes meet haute couture. This uniquely dressed primate is part of the Ape Couture Society collection—ready to rock your digital world!,Orange,Gold Ape,Sailor,Mustache,America Helmet
260,NFT #260,260.png,Where apes meet haute couture. This uniquely dressed primate is part of the Ape Couture Society collection—ready to rock your digital world!,Neon Aqua,Yellow Ape,Formal Red,Eye Patch,Party Hat
261,NFT #261,261.png,Where apes meet haute couture. This uniquely dressed primate is part of the Ape Couture Society collection—ready to rock your digital world!,Purple,Light Gray Ape,Graphic Tee Two Mountain,Pipe,No Hat
262,NFT #262,262.png,Where apes meet haute couture. This uniquely dressed primate is part of the Ape Couture Society collection—ready to rock your digital world!,Neon Aqua,Light Brown Ape,Plain Gray,Pipe,Cowboy Hat
263,NFT #263,263.png,Where apes meet haute couture. This uniquely dressed primate is part of the Ape Couture Society collection—ready to rock your digital world!,Light Blue,Light Brown Ape,Prisoner,Cigar,No Hat
264,NFT #264,264.png,Where apes meet haute couture. This uniquely dressed primate is part of the Ape Couture Society collection—ready to rock your digital world!,Light Blue,Yellow Ape,Plain Blue,Cigar,No Hat
265,NFT #265,265.png,Where apes meet haute couture. This uniquely dressed primate is part of the Ape Couture Society collection—ready to rock your digital world!,Yellow,Brown Ape,Tank Top White,Eye Patch,No Hat
266,NFT #266,266.png,Where apes meet haute couture. This uniquely dressed primate is part of the Ape Couture Society collection—ready to rock your digital world!,Yellow,Brown Ape,Army,Bubblegum 2,America Helmet
267,NFT #267,267.png,Where apes meet haute couture. This uniquely dressed primate is part of the Ape Couture Society collection—ready to rock your digital world!,Gray,Gray Ape,Plain Blue,Bubblegum 1,Crown
268,NFT #268,268.png,Where apes meet haute couture. This uniquely dressed primate is part of the Ape Couture Society collection—ready to rock your digital world!,Orange,Black Ape,Formal Red,Beard,Captain
269,NFT #269,269.png,Where apes meet haute couture. This uniquely dressed primate is part of the Ape Couture Society collection—ready to rock your digital world!,Olive Green,Light Brown Ape,Prisoner,Pipe,No Hat
27,NFT #27,27.png,Where apes meet haute couture. This uniquely dressed primate is part of the Ape Couture Society collection—ready to rock your digital world!,Purple,Black Ape,Tank Top White,Pizza,Cowboy Hat
270,NFT #270,270.png,Where apes meet haute couture. This uniquely dressed primate is part of the Ape Couture Society collection—ready to rock your digital world!,Orange,Yellow Ape,Prisoner,Pipe,Captain
271,NFT #271,271.png,Where apes meet haute couture. This uniquely dressed primate is part of the Ape Couture Society collection—ready to rock your digital world!,Yellow,Light Gray Ape,Plain Blue,Eye Patch,Cowboy Hat
272,NFT #272,272.png,Where apes meet haute couture. This uniquely dressed primate is part of the Ape Couture Society collection—ready to rock your digital world!,Neon Aqua,Leopard Ape,Space,Pipe,Crown
273,NFT #273,273.png,Where apes meet haute couture. This uniquely dressed primate is part of the Ape Couture Society collection—ready to rock your digital world!,Yellow,Gray Ape,Prisoner,Eyes Out,Crown
274,NFT #274,274.png,Where apes meet haute couture. This uniquely dressed primate is part of the Ape Couture Society collection—ready to rock your digital world!,Yellow,Black Ape,Tank Top White,Bubblegum 1,America Helmet
275,NFT #275,275.png,Where apes meet haute couture. This uniquely dressed primate is part of the Ape Couture Society collection—ready to rock your digital world!,Purple,Gray Ape,Prisoner,Cigar,Halo
276,NFT #276,276.png,Where apes meet haute couture. This uniquely dressed primate is part of the Ape Couture Society collection—ready to rock your digital world!,Dark Blue,Brown Ape,Plain Gray,Mustache,Captain
277,NFT #277,277.png,Where apes meet haute couture. This uniquely dressed primate is part of the Ape Couture Society collection—ready to rock your digital world!,Dark Blue,Gray Ape,Space,Bubblegum 1,Sailor Hat
278,NFT #278,278.png,Where apes meet haute couture. This uniquely dressed primate is part of the Ape Couture Society collection—ready to rock your digital world!,Orange,Leopard Ape,Suit,Bubblegum 1,Captain
279,NFT #279,279.png,Where apes meet haute couture. This uniquely dressed primate is part of the Ape Couture Society collection—ready to rock your digital world!,Neon Aqua,Pink Ape,Plain Blue,Glasses,Halo
28,NFT #28,28.png,Where apes meet haute couture. This uniquely dressed primate is part of the Ape Couture Society collection—ready to rock your digital world!,Orange,Black Ape,No Cloth,Eye Patch,America Helmet
280,NFT #280,280.png,Where apes meet haute couture. This uniquely dressed primate is part of the Ape Couture Society collection—ready to rock your digital world!,Neon Aqua,Brown Ape,Summer,Cigar,Halo
281,NFT #281,281.png,Where apes meet haute couture. This uniquely dressed primate is part of the Ape Couture Society collection—ready to rock your digital world!,Purple,Gray Ape,Army,Eye Patch,Captain
282,NFT #282,282.png,Where apes meet haute couture. This uniquely dressed primate is part of the Ape Couture Society collection—ready to rock your digital world!,Light Blue,Light Brown Ape,Plain Gray,Cigarette,No Hat
283,NFT #283,283.png,Where apes meet haute couture. This uniquely dressed primate is part of the Ape Couture Society collection—ready to rock your digital world!,Yellow,Leopard Ape,Plain Gray,Eye Patch,Cowboy Hat
284,NFT #284,284.png,Where apes meet haute couture. This uniquely dressed primate is part of the Ape Couture Society collection—ready to rock your digital world!,Yellow,Pink Ape,Prisoner,Cigarette,Party Hat
285,NFT #285,285.png,Where apes meet haute couture. This uniquely dressed primate is part of the Ape Couture Society collection—ready to rock your digital world!,Light Blue,Light Brown Ape,Sailor,Glasses,Captain
286,NFT #286,286.png,Where apes meet haute couture. This uniquely dressed primate is part of the Ape Couture Society collection—ready to rock your digital world!,Dark Blue,Gold Ape,Plain Gray,Pipe,Halo
287,NFT #287,287.png,Where apes meet haute couture. This uniquely dressed primate is part of the Ape Couture Society collection—ready to rock your digital world!,Light Blue,Light Brown Ape,Plain Blue,Eye Patch,America Helmet
288,NFT #288,288.png,Where apes meet haute couture. This uniquely dressed primate is part of the Ape Couture Society collection—ready to rock your digital world!,Orange,Light Gray Ape,Sailor,Eyes Out,No Hat
289,NFT #289,289.png,Where apes meet haute couture. This uniquely dressed primate is part of the Ape Couture Society collection—ready to rock your digital world!,Gray,Black Ape,No Cloth,Glasses,Captain
29,NFT #29,29.png,Where apes meet haute couture. This uniquely dressed primate is part of the Ape Couture Society collection—ready to rock your digital world!,Orange,Light Brown Ape,No Cloth,Cigarette,Captain
290,NFT #290,290.png,Where apes meet haute couture. This uniquely dressed primate is part of the Ape Couture Society collection—ready to rock your digital world!,Dark Blue,Gray Ape,Tank Top White,Cigarette,Cowboy Hat
291,NFT #291,291.png,Where apes meet haute couture. This uniquely dressed primate is part of the Ape Couture Society collection—ready to rock your digital world!,Olive Green,Pink Ape,Prisoner,Cigar,Cowboy Hat
292,NFT #292,292.png,Where apes meet haute couture. This uniquely dressed primate is part of the Ape Couture Society collection—ready to rock your digital world!,Gray,Gold Ape,No Cloth,Robot Eye,Sailor Hat
293,NFT #293,293.png,Where apes meet haute couture. This uniquely dressed primate is part of the Ape Couture Society collection—ready to rock your digital world!,Light Blue,Pink Ape,Suit,Bubblegum 2,Sailor Hat
294,NFT #294,294.png,Where apes meet haute couture. This uniquely dressed primate is part of the Ape Couture Society collection—ready to rock your digital world!,Light Blue,Brown Ape,No Cloth,Glasses,Party Hat
295,NFT #295,295.png,Where apes meet haute couture. This uniquely dressed primate is part of the Ape Couture Society collection—ready to rock your digital world!,Neon Aqua,Brown Ape,Space,Robot Eye,Halo
296,NFT #296,296.png,Where apes meet haute couture. This uniquely dressed primate is part of the Ape Couture Society collection—ready to rock your digital world!,Light Blue,Pink Ape,Prisoner,Robot Eye,Captain
297,NFT #297,297.png,Where apes meet haute couture. This uniquely dressed primate is part of the Ape Couture Society collection—ready to rock your digital world!,Light Blue,Gray Ape,Graphic Tee Two Mountain,Beard,Cowboy Hat
298,NFT #298,298.png,Where apes meet haute couture. This uniquely dressed primate is part of the Ape Couture Society collection—ready to rock your digital world!,Yellow,Light Brown Ape,Suit,Bubblegum 2,Sailor Hat
299,NFT #299,299.png,Where apes meet haute couture. This uniquely dressed primate is part of the Ape Couture Society collection—ready to rock your digital world!,Neon Aqua,Brown Ape,Tank Top White,Beard,Halo
3,NFT #3,3.png,Where apes meet haute couture. This uniquely dressed primate is part of the Ape Couture Society collection—ready to rock your digital world!,Yellow,Pink Ape,Summer,Laser Eyes,Crown
30,NFT #30,30.png,Where apes meet haute couture. This uniquely dressed primate is part of the Ape Couture Society collection—ready to rock your digital world!,Dark Blue,Light Brown Ape,Formal Red,Robot Eye,Captain
300,NFT #300,300.png,Where apes meet haute couture. This uniquely dressed primate is part of the Ape Couture Society collection—ready to rock your digital world!,Light Blue,Light Brown Ape,Sailor,Eye Patch,No Hat
301,NFT #301,301.png,Where apes meet haute couture. This uniquely dressed primate is part of the Ape Couture Society collection—ready to rock your digital world!,Neon Aqua,Brown Ape,Plain Blue,Beard,America Helmet
302,NFT #302,302.png,Where apes meet haute couture. This uniquely dressed primate is part of the Ape Couture Society collection—ready to rock your digital world!,Gray,Leopard Ape,Sailor,Glasses,Halo
303,NFT #303,303.png,Where apes meet haute couture. This uniquely dressed primate is part of the Ape Couture Society collection—ready to rock your digital world!,Light Blue,Light Brown Ape,Plain Gray,Robot Eye,Party Hat
304,NFT #304,304.png,Where apes meet haute couture. This uniquely dressed primate is part of the Ape Couture Society collection—ready to rock your digital world!,Gray,Pink Ape,Sailor,Cigarette,America Helmet
305,NFT #305,305.png,Where apes meet haute couture. This uniquely dressed primate is part of the Ape Couture Society collection—ready to rock your digital world!,Purple,Gray Ape,No Cloth,Laser Eyes,America Helmet
306,NFT #306,306.png,Where apes meet haute couture. This uniquely dressed primate is part of the Ape Couture Society collection—ready to rock your digital world!,Neon Aqua,Brown Ape,Space,Mustache,Halo
307,NFT #307,307.png,Where apes meet haute couture. This uniquely dressed primate is part of the Ape Couture Society collection—ready to rock your digital world!,Olive Green,Black Ape,Space,Eye Patch,Captain
308,NFT #308,308.png,Where apes meet haute couture. This uniquely dressed primate is part of the Ape Couture Society collection—ready to rock your digital world!,Orange,Light Brown Ape,Space,Eye Patch,No Hat
309,NFT #309,309.png,Where apes meet haute couture. This uniquely dressed primate is part of the Ape Couture Society collection—ready to rock your digital world!,Gray,Light Brown Ape,Plain Blue,Cigarette,No Hat
31,NFT #31,31.png,Where apes meet haute couture. This uniquely dressed primate is part of the Ape Couture Society collection—ready to rock your digital world!,Olive Green,Gray Ape,Sailor,Laser Eyes,No Hat
310,NFT #310,310.png,Where apes meet haute couture. This uniquely dressed primate is part of the Ape Couture Society collection—ready to rock your digital world!,Gray,Light Gray Ape,No Cloth,Bubblegum 2,No Hat
311,NFT #311,311.png,Where apes meet haute couture. This uniquely dressed primate is part of the Ape Couture Society collection—ready to rock your digital world!,Purple,Black Ape,Sailor,Beard,America Helmet
312,NFT #312,312.png,Where apes meet haute couture. This uniquely dressed primate is part of the Ape Couture Society collection—ready to rock your digital world!,Dark Blue,Black Ape,Prisoner,Pipe,Captain
313,NFT #313,313.png,Where apes meet haute couture. This uniquely dressed primate is part of the Ape Couture Society collection—ready to rock your digital world!,Neon Aqua,Pink Ape,Tank Top White,Bubblegum 2,Party Hat
314,NFT #314,314.png,Where apes meet haute couture. This uniquely dressed primate is part of the Ape Couture Society collection—ready to rock your digital world!,Neon Aqua,Gray Ape,No Cloth,Laser Eyes,Captain
315,NFT #315,315.png,Where apes meet haute couture. This uniquely dressed primate is part of the Ape Couture Society collection—ready to rock your digital world!,Light Blue,Brown Ape,Formal Red,Robot Eye,Cowboy Hat
316,NFT #316,316.png,Where apes meet haute couture. This uniquely dressed primate is part of the Ape Couture Society collection—ready to rock your digital world!,Light Blue,Light Gray Ape,Prisoner,Robot Eye,Party Hat
317,NFT #317,317.png,Where apes meet haute couture. This uniquely dressed primate is part of the Ape Couture Society collection—ready to rock your digital world!,Yellow,Brown Ape,Summer,Glasses,Sailor Hat
318,NFT #318,318.png,Where apes meet haute couture. This uniquely dressed primate is part of the Ape Couture Society collection—ready to rock your digital world!,Purple,Pink Ape,Sailor,Cigarette,No Hat
319,NFT #319,319.png,Where apes meet haute couture. This uniquely dressed primate is part of the Ape Couture Society collection—ready to rock your digital world!,Purple,Brown Ape,Tank Top White,Eye Patch,Cowboy Hat
32,NFT #32,32.png,Where apes meet haute couture. This uniquely dressed primate is part of the Ape Couture Society collection—ready to rock your digital world!,Dark Blue,Brown Ape,Formal Red,Glasses,Crown
320,NFT #320,320.png,Where apes meet haute couture. This uniquely dressed primate is part of the Ape Couture Society collection—ready to rock your digital world!,Neon Aqua,Yellow Ape,Space,Laser Eyes,Halo
321,NFT #321,321.png,Where apes meet haute couture. This uniquely dressed primate is part of the Ape Couture Society collection—ready to rock your digital world!,Dark Blue,Gold Ape,Prisoner,Cigar,Sailor Hat
322,NFT #322,322.png,Where apes meet haute couture. This uniquely dressed primate is part of the Ape Couture Society collection—ready to rock your digital world!,Orange,Light Gray Ape,Tank Top White,Glasses,Party Hat
323,NFT #323,323.png,Where apes meet haute couture. This uniquely dressed primate is part of the Ape Couture Society collection—ready to rock your digital world!,Neon Aqua,Light Brown Ape,Plain Gray,Laser Eyes,No Hat
324,NFT #324,324.png,Where apes meet haute couture. This uniquely dressed primate is part of the Ape Couture Society collection—ready to rock your digital world!,Light Blue,Pink Ape,Tank Top White,Beard,America Helmet
325,NFT #325,325.png,Where apes meet haute couture. This uniquely dressed primate is part of the Ape Couture Society collection—ready to rock your digital world!,Dark Blue,Light Brown Ape,No Cloth,Pizza,Halo
326,NFT #326,326.png,Where apes meet haute couture. This uniquely dressed primate is part of the Ape Couture Society collection—ready to rock your digital world!,Gray,Yellow Ape,Plain Blue,Bubblegum 1,No Hat
327,NFT #327,327.png,Where apes meet haute couture. This uniquely dressed primate is part of the Ape Couture Society collection—ready to rock your digital world!,Neon Aqua,Light Brown Ape,Prisoner,Cigarette,Cowboy Hat
328,NFT #328,328.png,Where apes meet haute couture. This uniquely dressed primate is part of the Ape Couture Society collection—ready to rock your digital world!,Gray,Pink Ape,Formal Red,Beard,Cowboy Hat
329,NFT #329,329.png,Where apes meet haute couture. This uniquely dressed primate is part of the Ape Couture Society collection—ready to rock your digital world!,Purple,Light Gray Ape,Plain Gray,Pipe,Party Hat
33,NFT #33,33.png,Where apes meet haute couture. This uniquely dressed primate is part of the Ape Couture Society collection—ready to rock your digital world!,Gray,Yellow Ape,Tank Top White,Eyes Out,No Hat
330,NFT #330,330.png,Where apes meet haute couture. This uniquely dressed primate is part of the Ape Couture Society collection—ready to rock your digital world!,Olive Green,Light Brown Ape,Sailor,Pipe,Halo
331,NFT #331,331.png,Where apes meet haute couture. This uniquely dressed primate is part of the Ape Couture Society collection—ready to rock your digital world!,Orange,Yellow Ape,Army,Beard,Cowboy Hat
332,NFT #332,332.png,Where apes meet haute couture. This uniquely dressed primate is part of the Ape Couture Society collection—ready to rock your digital world!,Dark Blue,Light Brown Ape,Army,Pipe,Captain
333,NFT #333,333.png,Where apes meet haute couture. This uniquely dressed primate is part of the Ape Couture Society collection—ready to rock your digital world!,Purple,Light Gray Ape,Tank Top White,Robot Eye,America Helmet
334,NFT #334,334.png,Where apes meet haute couture. This uniquely dressed primate is part of the Ape Couture Society collection—ready to rock your digital world!,Orange,Yellow Ape,No Cloth,Glasses,Party Hat
335,NFT #335,335.png,Where apes meet haute couture. This uniquely dressed primate is part of the Ape Couture Society collection—ready to rock your digital world!,Light Blue,Light Gray Ape,Sailor,Mustache,No Hat
336,NFT #336,336.png,Where apes meet haute couture. This uniquely dressed primate is part of the Ape Couture Society collection—ready to rock your digital world!,Gray,Gray Ape,Tank Top White,Cigarette,Halo
337,NFT #337,337.png,Where apes meet haute couture. This uniquely dressed primate is part of the Ape Couture Society collection—ready to rock your digital world!,Gray,Black Ape,No Cloth,Pipe,Sailor Hat
338,NFT #338,338.png,Where apes meet haute couture. This uniquely dressed primate is part of the Ape Couture Society collection—ready to rock your digital world!,Gray,Gold Ape,Plain Blue,Mustache,No Hat
339,NFT #339,339.png,Where apes meet haute couture. This uniquely dressed primate is part of the Ape Couture Society collection—ready to rock your digital world!,Dark Blue,Leopard Ape,Prisoner,Beard,America Helmet
34,NFT #34,34.png,Where apes meet haute couture. This uniquely dressed primate is part of the Ape Couture Society collection—ready to rock your digital world!,Olive Green,Brown Ape,Plain Blue,Cigar,Captain
340,NFT #340,340.png,Where apes meet haute couture. This uniquely dressed primate is part of the Ape Couture Society collection—ready to rock your digital world!,Purple,Yellow Ape,Sailor,Mustache,Sailor Hat
341,NFT #341,341.png,Where apes meet haute couture. This uniquely dressed primate is part of the Ape Couture Society collection—ready to rock your digital world!,Neon Aqua,Light Brown Ape,Plain Gray,Eyes Out,Halo
342,NFT #342,342.png,Where apes meet haute couture. This uniquely dressed primate is part of the Ape Couture Society collection—ready to rock your digital world!,Neon Aqua,Yellow Ape,No Cloth,Glasses,Halo
343,NFT #343,343.png,Where apes meet haute couture. This uniquely dressed primate is part of the Ape Couture Society collection—ready to rock your digital world!,Gray,Black Ape,Sailor,Laser Eyes,America Helmet
344,NFT #344,344.png,Where apes meet haute couture. This uniquely dressed primate is part of the Ape Couture Society collection—ready to rock your digital world!,Dark Blue,Light Brown Ape,No Cloth,Pizza,America Helmet
345,NFT #345,345.png,Where apes meet haute couture. This uniquely dressed primate is part of the Ape Couture Society collection—ready to rock your digital world!,Neon Aqua,Black Ape,Suit,Cigar,Party Hat
346,NFT #346,346.png,Where apes meet haute couture. This uniquely dressed primate is part of the Ape Couture Society collection—ready to rock your digital world!,Light Blue,Yellow Ape,Space,Eye Patch,Cowboy Hat
347,NFT #347,347.png,Where apes meet haute couture. This uniquely dressed primate is part of the Ape Couture Society collection—ready to rock your digital world!,Orange,Yellow Ape,Plain Blue,Mustache,Captain
348,NFT #348,348.png,Where apes meet haute couture. This uniquely dressed primate is part of the Ape Couture Society collection—ready to rock your digital world!,Orange,Yellow Ape,Space,Bubblegum 1,Cowboy Hat
349,NFT #349,349.png,Where apes meet haute couture. This uniquely dressed primate is part of the Ape Couture Society collection—ready to rock your digital world!,Yellow,Yellow Ape,Plain Gray,Beard,Cowboy Hat
35,NFT #35,35.png,Where apes meet haute couture. This uniquely dressed primate is part of the Ape Couture Society collection—ready to rock your digital world!,Purple,Brown Ape,Sailor,Mustache,Captain
350,NFT #350,350.png,Where apes meet haute couture. This uniquely dressed primate is part of the Ape Couture Society collection—ready to rock your digital world!,Gray,Pink Ape,Plain Blue,Mustache,America Helmet
351,NFT #351,351.png,Where apes meet haute couture. This uniquely dressed primate is part of the Ape Couture Society collection—ready to rock your digital world!,Yellow,Light Gray Ape,Plain Blue,Cigar,Halo
352,NFT #352,352.png,Where apes meet haute couture. This uniquely dressed primate is part of the Ape Couture Society collection—ready to rock your digital world!,Dark Blue,Brown Ape,Plain Gray,Robot Eye,Captain
353,NFT #353,353.png,Where apes meet haute couture. This uniquely dressed primate is part of the Ape Couture Society collection—ready to rock your digital world!,Light Blue,Pink Ape,Space,Mustache,No Hat
354,NFT #354,354.png,Where apes meet haute couture. This uniquely dressed primate is part of the Ape Couture Society collection—ready to rock your digital world!,Olive Green,Leopard Ape,Sailor,Mustache,No Hat
355,NFT #355,355.png,Where apes meet haute couture. This uniquely dressed primate is part of the Ape Couture Society collection—ready to rock your digital world!,Orange,Black Ape,Tank Top White,Pipe,Cowboy Hat
356,NFT #356,356.png,Where apes meet haute couture. This uniquely dressed primate is part of the Ape Couture Society collection—ready to rock your digital world!,Dark Blue,Black Ape,Tank Top White,Cigar,Cowboy Hat
357,NFT #357,357.png,Where apes meet haute couture. This uniquely dressed primate is part of the Ape Couture Society collection—ready to rock your digital world!,Yellow,Brown Ape,Space,Cigarette,Sailor Hat
358,NFT #358,358.png,Where apes meet haute couture. This uniquely dressed primate is part of the Ape Couture Society collection—ready to rock your digital world!,Purple,Brown Ape,Space,Robot Eye,No Hat
359,NFT #359,359.png,Where apes meet haute couture. This uniquely dressed primate is part of the Ape Couture Society collection—ready to rock your digital world!,Orange,Brown Ape,Sailor,Mustache,Halo
36,NFT #36,36.png,Where apes meet haute couture. This uniquely dressed primate is part of the Ape Couture Society collection—ready to rock your digital world!,Yellow,Gold Ape,Prisoner,Robot Eye,America Helmet
360,NFT #360,360.png,Where apes meet haute couture. This uniquely dressed primate is part of the Ape Couture Society collection—ready to rock your digital world!,Yellow,Black Ape,Plain Blue,Glasses,Halo
361,NFT #361,361.png,Where apes meet haute couture. This uniquely dressed primate is part of the Ape Couture Society collection—ready to rock your digital world!,Gray,Black Ape,Prisoner,Eye Patch,No Hat
362,NFT #362,362.png,Where apes meet haute couture. This uniquely dressed primate is part of the Ape Couture Society collection—ready to rock your digital world!,Yellow,Light Brown Ape,Prisoner,Pipe,Sailor Hat
363,NFT #363,363.png,Where apes meet haute couture. This uniquely dressed primate is part of the Ape Couture Society collection—ready to rock your digital world!,Purple,Black Ape,Plain Blue,Robot Eye,No Hat
364,NFT #364,364.png,Where apes meet haute couture. This uniquely dressed primate is part of the Ape Couture Society collection—ready to rock your digital world!,Neon Aqua,Gray Ape,Plain Gray,Bubblegum 1,Cowboy Hat
365,NFT #365,365.png,Where apes meet haute couture. This uniquely dressed primate is part of the Ape Couture Society collection—ready to rock your digital world!,Yellow,Light Gray Ape,Tank Top White,Bubblegum 2,Halo
366,NFT #366,366.png,Where apes meet haute couture. This uniquely dressed primate is part of the Ape Couture Society collection—ready to rock your digital world!,Dark Blue,Gray Ape,Plain Blue,Mustache,Cowboy Hat
367,NFT #367,367.png,Where apes meet haute couture. This uniquely dressed primate is part of the Ape Couture Society collection—ready to rock your digital world!,Neon Aqua,Light Gray Ape,Plain Blue,Glasses,Sailor Hat
368,NFT #368,368.png,Where apes meet haute couture. This uniquely dressed primate is part of the Ape Couture Society collection—ready to rock your digital world!,Light Blue,Brown Ape,Space,Glasses,Captain
369,NFT #369,369.png,Where apes meet haute couture. This uniquely dressed primate is part of the Ape Couture Society collection—ready to rock your digital world!,Neon Aqua,Light Gray Ape,Plain Blue,Eyes Out,Halo
37,NFT #37,37.png,Where apes meet haute couture. This uniquely dressed primate is part of the Ape Couture Society collection—ready to rock your digital world!,Yellow,Light Gray Ape,No Cloth,Eye Patch,Cowboy Hat
370,NFT #370,370.png,Where apes meet haute couture. This uniquely dressed primate is part of the Ape Couture Society collection—ready to rock your digital world!,Yellow,Pink Ape,No Cloth,Cigarette,Captain
371,NFT #371,371.png,Where apes meet haute couture. This uniquely dressed primate is part of the Ape Couture Society collection—ready to rock your digital world!,Dark Blue,Pink Ape,Tank Top White,Glasses,No Hat
372,NFT #372,372.png,Where apes meet haute couture. This uniquely dressed primate is part of the Ape Couture Society collection—ready to rock your digital world!,Olive Green,Light Gray Ape,No Cloth,Glasses,No Hat
373,NFT #373,373.png,Where apes meet haute couture. This uniquely dressed primate is part of the Ape Couture Society collection—ready to rock your digital world!,Gray,Gold Ape,Tank Top White,Eyes Out,No Hat
374,NFT #374,374.png,Where apes meet haute couture. This uniquely dressed primate is part of the Ape Couture Society collection—ready to rock your digital world!,Gray,Yellow Ape,Tank Top White,Robot Eye,Party Hat
375,NFT #375,375.png,Where apes meet haute couture. This uniquely dressed primate is part of the Ape Couture Society collection—ready to rock your digital world!,Olive Green,Brown Ape,Suit,Bubblegum 2,Captain
376,NFT #376,376.png,Where apes meet haute couture. This uniquely dressed primate is part of the Ape Couture Society collection—ready to rock your digital world!,Olive Green,Brown Ape,No Cloth,Glasses,Captain
377,NFT #377,377.png,Where apes meet haute couture. This uniquely dressed primate is part of the Ape Couture Society collection—ready to rock your digital world!,Orange,Black Ape,Sailor,Robot Eye,Sailor Hat
378,NFT #378,378.png,Where apes meet haute couture. This uniquely dressed primate is part of the Ape Couture Society collection—ready to rock your digital world!,Orange,Yellow Ape,No Cloth,Mustache,Party Hat
379,NFT #379,379.png,Where apes meet haute couture. This uniquely dressed primate is part of the Ape Couture Society collection—ready to rock your digital world!,Dark Blue,Light Brown Ape,No Cloth,Pipe,Sailor Hat
38,NFT #38,38.png,Where apes meet haute couture. This uniquely dressed primate is part of the Ape Couture Society collection—ready to rock your digital world!,Neon Aqua,Brown Ape,Plain Gray,Laser Eyes,Captain
380,NFT #380,380.png,Where apes meet haute couture. This uniquely dressed primate is part of the Ape Couture Society collection—ready to rock your digital world!,Gray,Leopard Ape,Plain Gray,Cigar,No Hat
381,NFT #381,381.png,Where apes meet haute couture. This uniquely dressed primate is part of the Ape Couture Society collection—ready to rock your digital world!,Light Blue,Pink Ape,Plain Blue,Cigarette,America Helmet
382,NFT #382,382.png,Where apes meet haute couture. This uniquely dressed primate is part of the Ape Couture Society collection—ready to rock your digital world!,Purple,Brown Ape,Tank Top White,Bubblegum 2,Sailor Hat
383,NFT #383,383.png,Where apes meet haute couture. This uniquely dressed primate is part of the Ape Couture Society collection—ready to rock your digital world!,Neon Aqua,Yellow Ape,Plain Blue,Beard,Captain
384,NFT #384,384.png,Where apes meet haute couture. This uniquely dressed primate is part of the Ape Couture Society collection—ready to rock your digital world!,Gray,Yellow Ape,Sailor,Beard,Cowboy Hat
385,NFT #385,385.png,Where apes meet haute couture. This uniquely dressed primate is part of the Ape Couture Society collection—ready to rock your digital world!,Olive Green,Light Brown Ape,Sailor,Pipe,America Helmet
386,NFT #386,386.png,Where apes meet haute couture. This uniquely dressed primate is part of the Ape Couture Society collection—ready to rock your digital world!,Gray,Leopard Ape,Tank Top White,Laser Eyes,Sailor Hat
387,NFT #387,387.png,Where apes meet haute couture. This uniquely dressed primate is part of the Ape Couture Society collection—ready to rock your digital world!,Dark Blue,Yellow Ape,Plain Gray,Cigar,Cowboy Hat
388,NFT #388,388.png,Where apes meet haute couture. This uniquely dressed primate is part of the Ape Couture Society collection—ready to rock your digital world!,Gray,Light Gray Ape,No Cloth,Bubblegum 2,Sailor Hat
389,NFT #389,389.png,Where apes meet haute couture. This uniquely dressed primate is part of the Ape Couture Society collection—ready to rock your digital world!,Olive Green,Black Ape,Graphic Tee Two Mountain,Bubblegum 1,Sailor Hat
39,NFT #39,39.png,Where apes meet haute couture. This uniquely dressed primate is part of the Ape Couture Society collection—ready to rock your digital world!,Olive Green,Black Ape,No Cloth,Eyes Out,Halo
390,NFT #390,390.png,Where apes meet haute couture. This uniquely dressed primate is part of the Ape Couture Society collection—ready to rock your digital world!,Dark Blue,Leopard Ape,Space,Eye Patch,Sailor Hat
391,NFT #391,391.png,Where apes meet haute couture. This uniquely dressed primate is part of the Ape Couture Society collection—ready to rock your digital world!,Orange,Brown Ape,Prisoner,Cigarette,Sailor Hat
392,NFT #392,392.png,Where apes meet haute couture. This uniquely dressed primate is part of the Ape Couture Society collection—ready to rock your digital world!,Purple,Black Ape,Suit,Cigarette,Cowboy Hat
393,NFT #393,393.png,Where apes meet haute couture. This uniquely dressed primate is part of the Ape Couture Society collection—ready to rock your digital world!,Dark Blue,Light Gray Ape,No Cloth,Eye Patch,No Hat
394,NFT #394,394.png,Where apes meet haute couture. This uniquely dressed primate is part of the Ape Couture Society collection—ready to rock your digital world!,Neon Aqua,Pink Ape,Tank Top White,Mustache,Halo
395,NFT #395,395.png,Where apes meet haute couture. This uniquely dressed primate is part of the Ape Couture Society collection—ready to rock your digital world!,Orange,Black Ape,Space,Pipe,Captain
396,NFT #396,396.png,Where apes meet haute couture. This uniquely dressed primate is part of the Ape Couture Society collection—ready to rock your digital world!,Light Blue,Brown Ape,Plain Blue,Mustache,Captain
397,NFT #397,397.png,Where apes meet haute couture. This uniquely dressed primate is part of the Ape Couture Society collection—ready to rock your digital world!,Orange,Black Ape,Plain Blue,Beard,Captain
398,NFT #398,398.png,Where apes meet haute couture. This uniquely dressed primate is part of the Ape Couture Society collection—ready to rock your digital world!,Gray,Light Brown Ape,Formal Red,Robot Eye,Halo
399,NFT #399,399.png,Where apes meet haute couture. This uniquely dressed primate is part of the Ape Couture Society collection—ready to rock your digital world!,Orange,Pink Ape,Plain Gray,Eye Patch,Sailor Hat
4,NFT #4,4.png,Where apes meet haute couture. This uniquely dressed primate is part of the Ape Couture Society collection—ready to rock your digital world!,Dark Blue,Black Ape,Tank Top White,Laser Eyes,Captain
40,NFT #40,40.png,Where apes meet haute couture. This uniquely dressed primate is part of the Ape Couture Society collection—ready to rock your digital world!,Olive Green,Yellow Ape,Prisoner,Beard,Party Hat
400,NFT #400,400.png,Where apes meet haute couture. This uniquely dressed primate is part of the Ape Couture Society collection—ready to rock your digital world!,Olive Green,Leopard Ape,Tank Top White,Glasses,Party Hat
401,NFT #401,401.png,Where apes meet haute couture. This uniquely dressed primate is part of the Ape Couture Society collection—ready to rock your digital world!,Gray,Pink Ape,Prisoner,Eye Patch,Cowboy Hat
402,NFT #402,402.png,Where apes meet haute couture. This uniquely dressed primate is part of the Ape Couture Society collection—ready to rock your digital world!,Orange,Light Brown Ape,Formal Red,Mustache,Halo
403,NFT #403,403.png,Where apes meet haute couture. This uniquely dressed primate is part of the Ape Couture Society collection—ready to rock your digital world!,Olive Green,Brown Ape,Plain Blue,Eyes Out,Crown
404,NFT #404,404.png,Where apes meet haute couture. This uniquely dressed primate is part of the Ape Couture Society collection—ready to rock your digital world!,Gray,Yellow Ape,Tank Top White,Beard,Sailor Hat
405,NFT #405,405.png,Where apes meet haute couture. This uniquely dressed primate is part of the Ape Couture Society collection—ready to rock your digital world!,Light Blue,Black Ape,Plain Blue,Eyes Out,Halo
406,NFT #406,406.png,Where apes meet haute couture. This uniquely dressed primate is part of the Ape Couture Society collection—ready to rock your digital world!,Light Blue,Yellow Ape,Plain Gray,Bubblegum 1,Captain
407,NFT #407,407.png,Where apes meet haute couture. This uniquely dressed primate is part of the Ape Couture Society collection—ready to rock your digital world!,Gray,Black Ape,Graphic Tee Two Mountain,Glasses,Cowboy Hat
408,NFT #408,408.png,Where apes meet haute couture. This uniquely dressed primate is part of the Ape Couture Society collection—ready to rock your digital world!,Gray,Leopard Ape,Prisoner,Eye Patch,Sailor Hat
409,NFT #409,409.png,Where apes meet haute couture. This uniquely dressed primate is part of the Ape Couture Society collection—ready to rock your digital world!,Olive Green,Leopard Ape,Graphic Tee Two Mountain,Bubblegum 1,Sailor Hat
41,NFT #41,41.png,Where apes meet haute couture. This uniquely dressed primate is part of the Ape Couture Society collection—ready to rock your digital world!,Light Blue,Gray Ape,Formal Red,Eye Patch,Sailor Hat
410,NFT #410,410.png,Where apes meet haute couture. This uniquely dressed primate is part of the Ape Couture Society collection—ready to rock your digital world!,Orange,Light Brown Ape,Prisoner,Eyes Out,Halo
411,NFT #411,411.png,Where apes meet haute couture. This uniquely dressed primate is part of the Ape Couture Society collection—ready to rock your digital world!,Neon Aqua,Brown Ape,Space,Mustache,Captain
412,NFT #412,412.png,Where apes meet haute couture. This uniquely dressed primate is part of the Ape Couture Society collection—ready to rock your digital world!,Olive Green,Light Gray Ape,No Cloth,Pipe,Cowboy Hat
413,NFT #413,413.png,Where apes meet haute couture. This uniquely dressed primate is part of the Ape Couture Society collection—ready to rock your digital world!,Neon Aqua,Yellow Ape,Sailor,Beard,Sailor Hat
414,NFT #414,414.png,Where apes meet haute couture. This uniquely dressed primate is part of the Ape Couture Society collection—ready to rock your digital world!,Dark Blue,Gray Ape,Tank Top White,Cigar,Cowboy Hat
415,NFT #415,415.png,Where apes meet haute couture. This uniquely dressed primate is part of the Ape Couture Society collection—ready to rock your digital world!,Yellow,Leopard Ape,Sailor,Bubblegum 1,Sailor Hat
416,NFT #416,416.png,Where apes meet haute couture. This uniquely dressed primate is part of the Ape Couture Society collection—ready to rock your digital world!,Purple,Light Gray Ape,Graphic Tee Two Mountain,Mustache,No Hat
417,NFT #417,417.png,Where apes meet haute couture. This uniquely dressed primate is part of the Ape Couture Society collection—ready to rock your digital world!,Neon Aqua,Light Gray Ape,Plain Gray,Mustache,Cowboy Hat
418,NFT #418,418.png,Where apes meet haute couture. This uniquely dressed primate is part of the Ape Couture Society collection—ready to rock your digital world!,Yellow,Light Brown Ape,Plain Blue,Laser Eyes,No Hat
419,NFT #419,419.png,Where apes meet haute couture. This uniquely dressed primate is part of the Ape Couture Society collection—ready to rock your digital world!,Neon Aqua,Black Ape,Prisoner,Robot Eye,No Hat
42,NFT #42,42.png,Where apes meet haute couture. This uniquely dressed primate is part of the Ape Couture Society collection—ready to rock your digital world!,Orange,Light Gray Ape,Army,Cigar,Cowboy Hat
420,NFT #420,420.png,Where apes meet haute couture. This uniquely dressed primate is part of the Ape Couture Society collection—ready to rock your digital world!,Orange,Light Brown Ape,Tank Top White,Robot Eye,Halo
421,NFT #421,421.png,Where apes meet haute couture. This uniquely dressed primate is part of the Ape Couture Society collection—ready to rock your digital world!,Yellow,Gray Ape,Plain Blue,Robot Eye,Halo
422,NFT #422,422.png,Where apes meet haute couture. This uniquely dressed primate is part of the Ape Couture Society collection—ready to rock your digital world!,Neon Aqua,Yellow Ape,Prisoner,Eye Patch,No Hat
423,NFT #423,423.png,Where apes meet haute couture. This uniquely dressed primate is part of the Ape Couture Society collection—ready to rock your digital world!,Olive Green,Leopard Ape,Prisoner,Pipe,Cowboy Hat
424,NFT #424,424.png,Where apes meet haute couture. This uniquely dressed primate is part of the Ape Couture Society collection—ready to rock your digital world!,Orange,Black Ape,Graphic Tee Two Mountain,Cigar,America Helmet
425,NFT #425,425.png,Where apes meet haute couture. This uniquely dressed primate is part of the Ape Couture Society collection—ready to rock your digital world!,Yellow,Gold Ape,Space,Cigarette,America Helmet
426,NFT #426,426.png,Where apes meet haute couture. This uniquely dressed primate is part of the Ape Couture Society collection—ready to rock your digital world!,Purple,Light Brown Ape,No Cloth,Bubblegum 2,Cowboy Hat
427,NFT #427,427.png,Where apes meet haute couture. This uniquely dressed primate is part of the Ape Couture Society collection—ready to rock your digital world!,Yellow,Brown Ape,Graphic Tee Two Mountain,Eyes Out,Halo
428,NFT #428,428.png,Where apes meet haute couture. This uniquely dressed primate is part of the Ape Couture Society collection—ready to rock your digital world!,Purple,Leopard Ape,Plain Blue,Glasses,Halo
429,NFT #429,429.png,Where apes meet haute couture. This uniquely dressed primate is part of the Ape Couture Society collection—ready to rock your digital world!,Yellow,Black Ape,Plain Gray,Cigarette,Cowboy Hat
43,NFT #43,43.png,Where apes meet haute couture. This uniquely dressed primate is part of the Ape Couture Society collection—ready to rock your digital world!,Gray,Leopard Ape,Suit,Pipe,Cowboy Hat
430,NFT #430,430.png,Where apes meet haute couture. This uniquely dressed primate is part of the Ape Couture Society collection—ready to rock your digital world!,Dark Blue,Pink Ape,Prisoner,Cigarette,No Hat
431,NFT #431,431.png,Where apes meet haute couture. This uniquely dressed primate is part of the Ape Couture Society collection—ready to rock your digital world!,Purple,Light Gray Ape,Plain Blue,Glasses,Crown
432,NFT #432,432.png,Where apes meet haute couture. This uniquely dressed primate is part of the Ape Couture Society collection—ready to rock your digital world!,Yellow,Black Ape,Sailor,Beard,Sailor Hat
433,NFT #433,433.png,Where apes meet haute couture. This uniquely dressed primate is part of the Ape Couture Society collection—ready to rock your digital world!,Dark Blue,Gray Ape,Suit,Eyes Out,Halo
434,NFT #434,434.png,Where apes meet haute couture. This uniquely dressed primate is part of the Ape Couture Society collection—ready to rock your digital world!,Olive Green,Pink Ape,Sailor,Glasses,Sailor Hat
435,NFT #435,435.png,Where apes meet haute couture. This uniquely dressed primate is part of the Ape Couture Society collection—ready to rock your digital world!,Gray,Light Brown Ape,Plain Gray,Pizza,Crown
436,NFT #436,436.png,Where apes meet haute couture. This uniquely dressed primate is part of the Ape Couture Society collection—ready to rock your digital world!,Neon Aqua,Light Brown Ape,Plain Blue,Robot Eye,No Hat
437,NFT #437,437.png,Where apes meet haute couture. This uniquely dressed primate is part of the Ape Couture Society collection—ready to rock your digital world!,Purple,Yellow Ape,Tank Top White,Eye Patch,No Hat
438,NFT #438,438.png,Where apes meet haute couture. This uniquely dressed primate is part of the Ape Couture Society collection—ready to rock your digital world!,Orange,Yellow Ape,Graphic Tee Two Mountain,Bubblegum 1,No Hat
439,NFT #439,439.png,Where apes meet haute couture. This uniquely dressed primate is part of the Ape Couture Society collection—ready to rock your digital world!,Gray,Black Ape,No Cloth,Laser Eyes,No Hat
44,NFT #44,44.png,Where apes meet haute couture. This uniquely dressed primate is part of the Ape Couture Society collection—ready to rock your digital world!,Yellow,Gray Ape,No Cloth,Glasses,Halo
440,NFT #440,440.png,Where apes meet haute couture. This uniquely dressed primate is part of the Ape Couture Society collection—ready to rock your digital world!,Orange,Light Gray Ape,Army,Laser Eyes,Crown
441,NFT #441,441.png,Where apes meet haute couture. This uniquely dressed primate is part of the Ape Couture Society collection—ready to rock your digital world!,Purple,Gray Ape,Suit,Cigar,Halo
442,NFT #442,442.png,Where apes meet haute couture. This uniquely dressed primate is part of the Ape Couture Society collection—ready to rock your digital world!,Purple,Yellow Ape,Plain Blue,Bubblegum 1,No Hat
443,NFT #443,443.png,Where apes meet haute couture. This uniquely dressed primate is part of the Ape Couture Society collection—ready to rock your digital world!,Light Blue,Pink Ape,Prisoner,Eyes Out,No Hat
444,NFT #444,444.png,Where apes meet haute couture. This uniquely dressed primate is part of the Ape Couture Society collection—ready to rock your digital world!,Orange,Leopard Ape,Plain Gray,Robot Eye,Sailor Hat
445,NFT #445,445.png,Where apes meet haute couture. This uniquely dressed primate is part of the Ape Couture Society collection—ready to rock your digital world!,Orange,Black Ape,Prisoner,Cigarette,No Hat
446,NFT #446,446.png,Where apes meet haute couture. This uniquely dressed primate is part of the Ape Couture Society collection—ready to rock your digital world!,Purple,Light Brown Ape,Formal Red,Cigarette,Sailor Hat
447,NFT #447,447.png,Where apes meet haute couture. This uniquely dressed primate is part of the Ape Couture Society collection—ready to rock your digital world!,Yellow,Light Gray Ape,No Cloth,Beard,Sailor Hat
448,NFT #448,448.png,Where apes meet haute couture. This uniquely dressed primate is part of the Ape Couture Society collection—ready to rock your digital world!,Gray,Black Ape,Tank Top White,Pizza,Party Hat
449,NFT #449,449.png,Where apes meet haute couture. This uniquely dressed primate is part of the Ape Couture Society collection—ready to rock your digital world!,Olive Green,Gray Ape,Graphic Tee Two Mountain,Eye Patch,Halo
45,NFT #45,45.png,Where apes meet haute couture. This uniquely dressed primate is part of the Ape Couture Society collection—ready to rock your digital world!,Yellow,Light Brown Ape,Suit,Eyes Out,Halo
450,NFT #450,450.png,Where apes meet haute couture. This uniquely dressed primate is part of the Ape Couture Society collection—ready to rock your digital world!,Gray,Light Brown Ape,Plain Gray,Beard,Sailor Hat
451,NFT #451,451.png,Where apes meet haute couture. This uniquely dressed primate is part of the Ape Couture Society collection—ready to rock your digital world!,Dark Blue,Light Gray Ape,Graphic Tee Two Mountain,Robot Eye,Halo
452,NFT #452,452.png,Where apes meet haute couture. This uniquely dressed primate is part of the Ape Couture Society collection—ready to rock your digital world!,Neon Aqua,Leopard Ape,Suit,Robot Eye,Sailor Hat
453,NFT #453,453.png,Where apes meet haute couture. This uniquely dressed primate is part of the Ape Couture Society collection—ready to rock your digital world!,Light Blue,Light Brown Ape,Formal Red,Robot Eye,Halo
454,NFT #454,454.png,Where apes meet haute couture. This uniquely dressed primate is part of the Ape Couture Society collection—ready to rock your digital world!,Orange,Gray Ape,Army,Eye Patch,America Helmet
455,NFT #455,455.png,Where apes meet haute couture. This uniquely dressed primate is part of the Ape Couture Society collection—ready to rock your digital world!,Orange,Yellow Ape,Space,Pipe,No Hat
456,NFT #456,456.png,Where apes meet haute couture. This uniquely dressed primate is part of the Ape Couture Society collection—ready to rock your digital world!,Orange,Leopard Ape,Space,Pipe,Captain
457,NFT #457,457.png,Where apes meet haute couture. This uniquely dressed primate is part of the Ape Couture Society collection—ready to rock your digital world!,Neon Aqua,Brown Ape,Formal Red,Glasses,No Hat
458,NFT #458,458.png,Where apes meet haute couture. This uniquely dressed primate is part of the Ape Couture Society collection—ready to rock your digital world!,Olive Green,Light Gray Ape,Tank Top White,Robot Eye,Sailor Hat
459,NFT #459,459.png,Where apes meet haute couture. This uniquely dressed primate is part of the Ape Couture Society collection—ready to rock your digital world!,Olive Green,Brown Ape,Suit,Robot Eye,Sailor Hat
46,NFT #46,46.png,Where apes meet haute couture. This uniquely dressed primate is part of the Ape Couture Society collection—ready to rock your digital world!,Yellow,Brown Ape,Plain Gray,Cigarette,Halo
460,NFT #460,460.png,Where apes meet haute couture. This uniquely dressed primate is part of the Ape Couture Society collection—ready to rock your digital world!,Dark Blue,Gray Ape,Formal Red,Eye Patch,No Hat
461,NFT #461,461.png,Where apes meet haute couture. This uniquely dressed primate is part of the Ape Couture Society collection—ready to rock your digital world!,Olive Green,Yellow Ape,Summer,Mustache,Captain
462,NFT #462,462.png,Where apes meet haute couture. This uniquely dressed primate is part of the Ape Couture Society collection—ready to rock your digital world!,Gray,Yellow Ape,Suit,Robot Eye,Party Hat
463,NFT #463,463.png,Where apes meet haute couture. This uniquely dressed primate is part of the Ape Couture Society collection—ready to rock your digital world!,Orange,Brown Ape,Tank Top White,Mustache,Captain
464,NFT #464,464.png,Where apes meet haute couture. This uniquely dressed primate is part of the Ape Couture Society collection—ready to rock your digital world!,Purple,Light Brown Ape,Plain Gray,Mustache,Cowboy Hat
465,NFT #465,465.png,Where apes meet haute couture. This uniquely dressed primate is part of the Ape Couture Society collection—ready to rock your digital world!,Neon Aqua,Pink Ape,Tank Top White,Beard,Crown
466,NFT #466,466.png,Where apes meet haute couture. This uniquely dressed primate is part of the Ape Couture Society collection—ready to rock your digital world!,Dark Blue,Pink Ape,Space,Eyes Out,No Hat
467,NFT #467,467.png,Where apes meet haute couture. This uniquely dressed primate is part of the Ape Couture Society collection—ready to rock your digital world!,Neon Aqua,Black Ape,Plain Gray,Glasses,Halo
468,NFT #468,468.png,Where apes meet haute couture. This uniquely dressed primate is part of the Ape Couture Society collection—ready to rock your digital world!,Gray,Light Brown Ape,Prisoner,Bubblegum 2,Halo
469,NFT #469,469.png,Where apes meet haute couture. This uniquely dressed primate is part of the Ape Couture Society collection—ready to rock your digital world!,Neon Aqua,Leopard Ape,Space,Cigar,Cowboy Hat
47,NFT #47,47.png,Where apes meet haute couture. This uniquely dressed primate is part of the Ape Couture Society collection—ready to rock your digital world!,Orange,Light Gray Ape,Plain Blue,Bubblegum 2,No Hat
470,NFT #470,470.png,Where apes meet haute couture. This uniquely dressed primate is part of the Ape Couture Society collection—ready to rock your digital world!,Gray,Pink Ape,Space,Mustache,No Hat
471,NFT #471,471.png,Where apes meet haute couture. This uniquely dressed primate is part of the Ape Couture Society collection—ready to rock your digital world!,Olive Green,Pink Ape,Plain Gray,Pipe,Sailor Hat
472,NFT #472,472.png,Where apes meet haute couture. This uniquely dressed primate is part of the Ape Couture Society collection—ready to rock your digital world!,Neon Aqua,Yellow Ape,Plain Blue,Glasses,No Hat
473,NFT #473,473.png,Where apes meet haute couture. This uniquely dressed primate is part of the Ape Couture Society collection—ready to rock your digital world!,Neon Aqua,Leopard Ape,Army,Mustache,America Helmet
474,NFT #474,474.png,Where apes meet haute couture. This uniquely dressed primate is part of the Ape Couture Society collection—ready to rock your digital world!,Neon Aqua,Brown Ape,Space,Glasses,Captain
475,NFT #475,475.png,Where apes meet haute couture. This uniquely dressed primate is part of the Ape Couture Society collection—ready to rock your digital world!,Yellow,Brown Ape,Prisoner,Beard,America Helmet
476,NFT #476,476.png,Where apes meet haute couture. This uniquely dressed primate is part of the Ape Couture Society collection—ready to rock your digital world!,Orange,Black Ape,Plain Gray,Eyes Out,No Hat
477,NFT #477,477.png,Where apes meet haute couture. This uniquely dressed primate is part of the Ape Couture Society collection—ready to rock your digital world!,Olive Green,Gray Ape,Prisoner,Bubblegum 1,Cowboy Hat
478,NFT #478,478.png,Where apes meet haute couture. This uniquely dressed primate is part of the Ape Couture Society collection—ready to rock your digital world!,Purple,Brown Ape,No Cloth,Cigarette,Cowboy Hat
479,NFT #479,479.png,Where apes meet haute couture. This uniquely dressed primate is part of the Ape Couture Society collection—ready to rock your digital world!,Dark Blue,Pink Ape,Space,Mustache,Cowboy Hat
48,NFT #48,48.png,Where apes meet haute couture. This uniquely dressed primate is part of the Ape Couture Society collection—ready to rock your digital world!,Neon Aqua,Brown Ape,Army,Beard,Cowboy Hat
480,NFT #480,480.png,Where apes meet haute couture. This uniquely dressed primate is part of the Ape Couture Society collection—ready to rock your digital world!,Light Blue,Gray Ape,Tank Top White,Cigarette,Halo
481,NFT #481,481.png,Where apes meet haute couture. This uniquely dressed primate is part of the Ape Couture Society collection—ready to rock your digital world!,Yellow,Gray Ape,Sailor,Eye Patch,America Helmet
482,NFT #482,482.png,Where apes meet haute couture. This uniquely dressed primate is part of the Ape Couture Society collection—ready to rock your digital world!,Light Blue,Yellow Ape,Graphic Tee Two Mountain,Glasses,Cowboy Hat
483,NFT #483,483.png,Where apes meet haute couture. This uniquely dressed primate is part of the Ape Couture Society collection—ready to rock your digital world!,Light Blue,Gray Ape,Space,Robot Eye,Party Hat
484,NFT #484,484.png,Where apes meet haute couture. This uniquely dressed primate is part of the Ape Couture Society collection—ready to rock your digital world!,Neon Aqua,Gray Ape,Space,Robot Eye,Crown
485,NFT #485,485.png,Where apes meet haute couture. This uniquely dressed primate is part of the Ape Couture Society collection—ready to rock your digital world!,Dark Blue,Light Gray Ape,Tank Top White,Mustache,Cowboy Hat
486,NFT #486,486.png,Where apes meet haute couture. This uniquely dressed primate is part of the Ape Couture Society collection—ready to rock your digital world!,Olive Green,Gray Ape,Prisoner,Mustache,America Helmet
487,NFT #487,487.png,Where apes meet haute couture. This uniquely dressed primate is part of the Ape Couture Society collection—ready to rock your digital world!,Neon Aqua,Black Ape,Plain Blue,Eye Patch,Cowboy Hat
488,NFT #488,488.png,Where apes meet haute couture. This uniquely dressed primate is part of the Ape Couture Society collection—ready to rock your digital world!,Dark Blue,Light Gray Ape,Formal Red,Cigarette,Cowboy Hat
489,NFT #489,489.png,Where apes meet haute couture. This uniquely dressed primate is part of the Ape Couture Society collection—ready to rock your digital world!,Light Blue,Light Gray Ape,Plain Gray,Glasses,Halo
49,NFT #49,49.png,Where apes meet haute couture. This uniquely dressed primate is part of the Ape Couture Society collection—ready to rock your digital world!,Dark Blue,Gray Ape,Sailor,Mustache,Crown
490,NFT #490,490.png,Where apes meet haute couture. This uniquely dressed primate is part of the Ape Couture Society collection—ready to rock your digital world!,Light Blue,Gray Ape,Graphic Tee Two Mountain,Beard,Crown
491,NFT #491,491.png,Where apes meet haute couture. This uniquely dressed primate is part of the Ape Couture Society collection—ready to rock your digital world!,Gray,Light Brown Ape,Prisoner,Robot Eye,Sailor Hat
492,NFT #492,492.png,Where apes meet haute couture. This uniquely dressed primate is part of the Ape Couture Society collection—ready to rock your digital world!,Light Blue,Yellow Ape,Graphic Tee Two Mountain,Robot Eye,No Hat
493,NFT #493,493.png,Where apes meet haute couture. This uniquely dressed primate is part of the Ape Couture Society collection—ready to rock your digital world!,Yellow,Pink Ape,Plain Blue,Eye Patch,Cowboy Hat
494,NFT #494,494.png,Where apes meet haute couture. This uniquely dressed primate is part of the Ape Couture Society collection—ready to rock your digital world!,Light Blue,Light Brown Ape,Formal Red,Bubblegum 2,Sailor Hat
495,NFT #495,495.png,Where apes meet haute couture. This uniquely dressed primate is part of the Ape Couture Society collection—ready to rock your digital world!,Purple,Gray Ape,Plain Gray,Bubblegum 1,Captain
496,NFT #496,496.png,Where apes meet haute couture. This uniquely dressed primate is part of the Ape Couture Society collection—ready to rock your digital world!,Neon Aqua,Yellow Ape,Sailor,Pipe,Cowboy Hat
497,NFT #497,497.png,Where apes meet haute couture. This uniquely dressed primate is part of the Ape Couture Society collection—ready to rock your digital world!,Yellow,Brown Ape,Formal Red,Robot Eye,Captain
498,NFT #498,498.png,Where apes meet haute couture. This uniquely dressed primate is part of the Ape Couture Society collection—ready to rock your digital world!,Light Blue,Gray Ape,Space,Mustache,Sailor Hat
499,NFT #499,499.png,Where apes meet haute couture. This uniquely dressed primate is part of the Ape Couture Society collection—ready to rock your digital world!,Neon Aqua,Yellow Ape,Plain Blue,Pipe,No Hat
5,NFT #5,5.png,Where apes meet haute couture. This uniquely dressed primate is part of the Ape Couture Society collection—ready to rock your digital world!,Neon Aqua,Pink Ape,Tank Top White,Cigar,Halo
50,NFT #50,50.png,Where apes meet haute couture. This uniquely dressed primate is part of the Ape Couture Society collection—ready to rock your digital world!,Gray,Light Brown Ape,Tank Top White,Mustache,Captain
500,NFT #500,500.png,Where apes meet haute couture. This uniquely dressed primate is part of the Ape Couture Society collection—ready to rock your digital world!,Gray,Brown Ape,Plain Gray,Robot Eye,Halo
501,NFT #501,501.png,Where apes meet haute couture. This uniquely dressed primate is part of the Ape Couture Society collection—ready to rock your digital world!,Gray,Yellow Ape,Plain Gray,Bubblegum 1,America Helmet
502,NFT #502,502.png,Where apes meet haute couture. This uniquely dressed primate is part of the Ape Couture Society collection—ready to rock your digital world!,Purple,Brown Ape,Sailor,Robot Eye,Party Hat
503,NFT #503,503.png,Where apes meet haute couture. This uniquely dressed primate is part of the Ape Couture Society collection—ready to rock your digital world!,Purple,Light Gray Ape,Sailor,Laser Eyes,Party Hat
504,NFT #504,504.png,Where apes meet haute couture. This uniquely dressed primate is part of the Ape Couture Society collection—ready to rock your digital world!,Gray,Gray Ape,Plain Blue,Glasses,Cowboy Hat
505,NFT #505,505.png,Where apes meet haute couture. This uniquely dressed primate is part of the Ape Couture Society collection—ready to rock your digital world!,Olive Green,Light Brown Ape,Plain Blue,Laser Eyes,Captain
506,NFT #506,506.png,Where apes meet haute couture. This uniquely dressed primate is part of the Ape Couture Society collection—ready to rock your digital world!,Dark Blue,Light Gray Ape,Graphic Tee Two Mountain,Eye Patch,Sailor Hat
507,NFT #507,507.png,Where apes meet haute couture. This uniquely dressed primate is part of the Ape Couture Society collection—ready to rock your digital world!,Neon Aqua,Light Gray Ape,Prisoner,Robot Eye,No Hat
508,NFT #508,508.png,Where apes meet haute couture. This uniquely dressed primate is part of the Ape Couture Society collection—ready to rock your digital world!,Dark Blue,Light Brown Ape,Tank Top White,Mustache,Party Hat
509,NFT #509,509.png,Where apes meet haute couture. This uniquely dressed primate is part of the Ape Couture Society collection—ready to rock your digital world!,Yellow,Brown Ape,Formal Red,Cigarette,Sailor Hat
51,NFT #51,51.png,Where apes meet haute couture. This uniquely dressed primate is part of the Ape Couture Society collection—ready to rock your digital world!,Neon Aqua,Gray Ape,Prisoner,Mustache,Halo
510,NFT #510,510.png,Where apes meet haute couture. This uniquely dressed primate is part of the Ape Couture Society collection—ready to rock your digital world!,Yellow,Light Brown Ape,Suit,Cigar,Party Hat
511,NFT #511,511.png,Where apes meet haute couture. This uniquely dressed primate is part of the Ape Couture Society collection—ready to rock your digital world!,Light Blue,Gold Ape,No Cloth,Mustache,Party Hat
512,NFT #512,512.png,Where apes meet haute couture. This uniquely dressed primate is part of the Ape Couture Society collection—ready to rock your digital world!,Purple,Yellow Ape,Plain Gray,Beard,Halo
513,NFT #513,513.png,Where apes meet haute couture. This uniquely dressed primate is part of the Ape Couture Society collection—ready to rock your digital world!,Light Blue,Black Ape,Prisoner,Eye Patch,America Helmet
514,NFT #514,514.png,Where apes meet haute couture. This uniquely dressed primate is part of the Ape Couture Society collection—ready to rock your digital world!,Dark Blue,Pink Ape,No Cloth,Cigarette,America Helmet
515,NFT #515,515.png,Where apes meet haute couture. This uniquely dressed primate is part of the Ape Couture Society collection—ready to rock your digital world!,Dark Blue,Gray Ape,No Cloth,Pizza,Cowboy Hat
516,NFT #516,516.png,Where apes meet haute couture. This uniquely dressed primate is part of the Ape Couture Society collection—ready to rock your digital world!,Purple,Light Gray Ape,Suit,Glasses,Cowboy Hat
517,NFT #517,517.png,Where apes meet haute couture. This uniquely dressed primate is part of the Ape Couture Society collection—ready to rock your digital world!,Purple,Yellow Ape,Space,Mustache,America Helmet
518,NFT #518,518.png,Where apes meet haute couture. This uniquely dressed primate is part of the Ape Couture Society collection—ready to rock your digital world!,Orange,Light Brown Ape,Space,Eye Patch,Cowboy Hat
519,NFT #519,519.png,Where apes meet haute couture. This uniquely dressed primate is part of the Ape Couture Society collection—ready to rock your digital world!,Dark Blue,Leopard Ape,Plain Gray,Eyes Out,No Hat
52,NFT #52,52.png,Where apes meet haute couture. This uniquely dressed primate is part of the Ape Couture Society collection—ready to rock your digital world!,Light Blue,Light Gray Ape,Tank Top White,Robot Eye,Captain
520,NFT #520,520.png,Where apes meet haute couture. This uniquely dressed primate is part of the Ape Couture Society collection—ready to rock your digital world!,Purple,Brown Ape,No Cloth,Robot Eye,Cowboy Hat
521,NFT #521,521.png,Where apes meet haute couture. This uniquely dressed primate is part of the Ape Couture Society collection—ready to rock your digital world!,Olive Green,Gold Ape,Formal Red,Eye Patch,Captain
522,NFT #522,522.png,Where apes meet haute couture. This uniquely dressed primate is part of the Ape Couture Society collection—ready to rock your digital world!,Purple,Pink Ape,No Cloth,Pipe,Sailor Hat
523,NFT #523,523.png,Where apes meet haute couture. This uniquely dressed primate is part of the Ape Couture Society collection—ready to rock your digital world!,Olive Green,Light Gray Ape,Sailor,Cigar,Crown
524,NFT #524,524.png,Where apes meet haute couture. This uniquely dressed primate is part of the Ape Couture Society collection—ready to rock your digital world!,Yellow,Leopard Ape,Prisoner,Bubblegum 1,Halo
525,NFT #525,525.png,Where apes meet haute couture. This uniquely dressed primate is part of the Ape Couture Society collection—ready to rock your digital world!,Light Blue,Gray Ape,Army,Bubblegum 1,Crown
526,NFT #526,526.png,Where apes meet haute couture. This uniquely dressed primate is part of the Ape Couture Society collection—ready to rock your digital world!,Yellow,Gold Ape,No Cloth,Beard,Halo
527,NFT #527,527.png,Where apes meet haute couture. This uniquely dressed primate is part of the Ape Couture Society collection—ready to rock your digital world!,Yellow,Pink Ape,Prisoner,Bubblegum 2,Party Hat
528,NFT #528,528.png,Where apes meet haute couture. This uniquely dressed primate is part of the Ape Couture Society collection—ready to rock your digital world!,Neon Aqua,Yellow Ape,Tank Top White,Pipe,Halo
529,NFT #529,529.png,Where apes meet haute couture. This uniquely dressed primate is part of the Ape Couture Society collection—ready to rock your digital world!,Purple,Black Ape,Army,Cigarette,No Hat
53,NFT #53,53.png,Where apes meet haute couture. This uniquely dressed primate is part of the Ape Couture Society collection—ready to rock your digital world!,Gray,Black Ape,No Cloth,Bubblegum 1,America Helmet
530,NFT #530,530.png,Where apes meet haute couture. This uniquely dressed primate is part of the Ape Couture Society collection—ready to rock your digital world!,Light Blue,Light Gray Ape,Plain Blue,Bubblegum 2,Halo
531,NFT #531,531.png,Where apes meet haute couture. This uniquely dressed primate is part of the Ape Couture Society collection—ready to rock your digital world!,Orange,Light Brown Ape,Plain Blue,Eye Patch,Captain
532,NFT #532,532.png,Where apes meet haute couture. This uniquely dressed primate is part of the Ape Couture Society collection—ready to rock your digital world!,Gray,Light Brown Ape,Plain Blue,Robot Eye,Crown
533,NFT #533,533.png,Where apes meet haute couture. This uniquely dressed primate is part of the Ape Couture Society collection—ready to rock your digital world!,Purple,Light Gray Ape,Plain Blue,Bubblegum 2,Cowboy Hat
534,NFT #534,534.png,Where apes meet haute couture. This uniquely dressed primate is part of the Ape Couture Society collection—ready to rock your digital world!,Orange,Brown Ape,Plain Gray,Cigarette,Captain
535,NFT #535,535.png,Where apes meet haute couture. This uniquely dressed primate is part of the Ape Couture Society collection—ready to rock your digital world!,Olive Green,Yellow Ape,Tank Top White,Mustache,No Hat
536,NFT #536,536.png,Where apes meet haute couture. This uniquely dressed primate is part of the Ape Couture Society collection—ready to rock your digital world!,Neon Aqua,Leopard Ape,Plain Gray,Pipe,Cowboy Hat
537,NFT #537,537.png,Where apes meet haute couture. This uniquely dressed primate is part of the Ape Couture Society collection—ready to rock your digital world!,Gray,Light Gray Ape,Plain Gray,Beard,Crown
538,NFT #538,538.png,Where apes meet haute couture. This uniquely dressed primate is part of the Ape Couture Society collection—ready to rock your digital world!,Orange,Brown Ape,Sailor,Beard,Captain
539,NFT #539,539.png,Where apes meet haute couture. This uniquely dressed primate is part of the Ape Couture Society collection—ready to rock your digital world!,Purple,Black Ape,Tank Top White,Glasses,No Hat
54,NFT #54,54.png,Where apes meet haute couture. This uniquely dressed primate is part of the Ape Couture Society collection—ready to rock your digital world!,Gray,Black Ape,Prisoner,Glasses,No Hat
540,NFT #540,540.png,Where apes meet haute couture. This uniquely dressed primate is part of the Ape Couture Society collection—ready to rock your digital world!,Olive Green,Gray Ape,Prisoner,Robot Eye,Crown
541,NFT #541,541.png,Where apes meet haute couture. This uniquely dressed primate is part of the Ape Couture Society collection—ready to rock your digital world!,Dark Blue,Leopard Ape,Plain Gray,Robot Eye,Captain
542,NFT #542,542.png,Where apes meet haute couture. This uniquely dressed primate is part of the Ape Couture Society collection—ready to rock your digital world!,Neon Aqua,Light Brown Ape,No Cloth,Beard,No Hat
543,NFT #543,543.png,Where apes meet haute couture. This uniquely dressed primate is part of the Ape Couture Society collection—ready to rock your digital world!,Olive Green,Light Brown Ape,Tank Top White,Eye Patch,Sailor Hat
544,NFT #544,544.png,Where apes meet haute couture. This uniquely dressed primate is part of the Ape Couture Society collection—ready to rock your digital world!,Dark Blue,Light Gray Ape,Tank Top White,Eyes Out,No Hat
545,NFT #545,545.png,Where apes meet haute couture. This uniquely dressed primate is part of the Ape Couture Society collection—ready to rock your digital world!,Light Blue,Light Brown Ape,No Cloth,Robot Eye,Halo
546,NFT #546,546.png,Where apes meet haute couture. This uniquely dressed primate is part of the Ape Couture Society collection—ready to rock your digital world!,Dark Blue,Light Gray Ape,Prisoner,Mustache,No Hat
547,NFT #547,547.png,Where apes meet haute couture. This uniquely dressed primate is part of the Ape Couture Society collection—ready to rock your digital world!,Yellow,Black Ape,Space,Bubblegum 1,Party Hat
548,NFT #548,548.png,Where apes meet haute couture. This uniquely dressed primate is part of the Ape Couture Society collection—ready to rock your digital world!,Light Blue,Light Gray Ape,Plain Gray,Mustache,America Helmet
549,NFT #549,549.png,Where apes meet haute couture. This uniquely dressed primate is part of the Ape Couture Society collection—ready to rock your digital world!,Dark Blue,Yellow Ape,Graphic Tee Two Mountain,Eyes Out,No Hat
55,NFT #55,55.png,Where apes meet haute couture. This uniquely dressed primate is part of the Ape Couture Society collection—ready to rock your digital world!,Light Blue,Yellow Ape,No Cloth,Pipe,Party Hat
550,NFT #550,550.png,Where apes meet haute couture. This uniquely dressed primate is part of the Ape Couture Society collection—ready to rock your digital world!,Yellow,Gray Ape,Sailor,Eye Patch,Captain
551,NFT #551,551.png,Where apes meet haute couture. This uniquely dressed primate is part of the Ape Couture Society collection—ready to rock your digital world!,Neon Aqua,Gray Ape,Sailor,Mustache,Cowboy Hat
552,NFT #552,552.png,Where apes meet haute couture. This uniquely dressed primate is part of the Ape Couture Society collection—ready to rock your digital world!,Yellow,Light Gray Ape,Plain Blue,Eye Patch,Party Hat
553,NFT #553,553.png,Where apes meet haute couture. This uniquely dressed primate is part of the Ape Couture Society collection—ready to rock your digital world!,Purple,Gold Ape,Plain Gray,Pipe,No Hat
554,NFT #554,554.png,Where apes meet haute couture. This uniquely dressed primate is part of the Ape Couture Society collection—ready to rock your digital world!,Gray,Leopard Ape,Plain Gray,Laser Eyes,Captain
555,NFT #555,555.png,Where apes meet haute couture. This uniquely dressed primate is part of the Ape Couture Society collection—ready to rock your digital world!,Dark Blue,Light Brown Ape,Army,Laser Eyes,Sailor Hat
556,NFT #556,556.png,Where apes meet haute couture. This uniquely dressed primate is part of the Ape Couture Society collection—ready to rock your digital world!,Yellow,Black Ape,Graphic Tee Two Mountain,Eyes Out,No Hat
557,NFT #557,557.png,Where apes meet haute couture. This uniquely dressed primate is part of the Ape Couture Society collection—ready to rock your digital world!,Purple,Black Ape,Prisoner,Bubblegum 1,Captain
558,NFT #558,558.png,Where apes meet haute couture. This uniquely dressed primate is part of the Ape Couture Society collection—ready to rock your digital world!,Light Blue,Leopard Ape,Plain Gray,Robot Eye,Halo
559,NFT #559,559.png,Where apes meet haute couture. This uniquely dressed primate is part of the Ape Couture Society collection—ready to rock your digital world!,Orange,Black Ape,Graphic Tee Two Mountain,Mustache,Cowboy Hat
56,NFT #56,56.png,Where apes meet haute couture. This uniquely dressed primate is part of the Ape Couture Society collection—ready to rock your digital world!,Neon Aqua,Gray Ape,Space,Mustache,No Hat
560,NFT #560,560.png,Where apes meet haute couture. This uniquely dressed primate is part of the Ape Couture Society collection—ready to rock your digital world!,Light Blue,Black Ape,Army,Glasses,America Helmet
561,NFT #561,561.png,Where apes meet haute couture. This uniquely dressed primate is part of the Ape Couture Society collection—ready to rock your digital world!,Dark Blue,Black Ape,Sailor,Robot Eye,Party Hat
562,NFT #562,562.png,Where apes meet haute couture. This uniquely dressed primate is part of the Ape Couture Society collection—ready to rock your digital world!,Neon Aqua,Gray Ape,Prisoner,Pipe,Cowboy Hat
563,NFT #563,563.png,Where apes meet haute couture. This uniquely dressed primate is part of the Ape Couture Society collection—ready to rock your digital world!,Dark Blue,Brown Ape,Summer,Robot Eye,Halo
564,NFT #564,564.png,Where apes meet haute couture. This uniquely dressed primate is part of the Ape Couture Society collection—ready to rock your digital world!,Dark Blue,Yellow Ape,Space,Beard,No Hat
565,NFT #565,565.png,Where apes meet haute couture. This uniquely dressed primate is part of the Ape Couture Society collection—ready to rock your digital world!,Orange,Pink Ape,Army,Beard,Cowboy Hat
566,NFT #566,566.png,Where apes meet haute couture. This uniquely dressed primate is part of the Ape Couture Society collection—ready to rock your digital world!,Gray,Brown Ape,Prisoner,Robot Eye,Party Hat
567,NFT #567,567.png,Where apes meet haute couture. This uniquely dressed primate is part of the Ape Couture Society collection—ready to rock your digital world!,Neon Aqua,Pink Ape,Sailor,Eye Patch,Captain
568,NFT #568,568.png,Where apes meet haute couture. This uniquely dressed primate is part of the Ape Couture Society collection—ready to rock your digital world!,Light Blue,Light Gray Ape,Formal Red,Cigar,Halo
569,NFT #569,569.png,Where apes meet haute couture. This uniquely dressed primate is part of the Ape Couture Society collection—ready to rock your digital world!,Purple,Light Brown Ape,Graphic Tee Two Mountain,Bubblegum 2,Crown
57,NFT #57,57.png,Where apes meet haute couture. This uniquely dressed primate is part of the Ape Couture Society collection—ready to rock your digital world!,Dark Blue,Yellow Ape,Tank Top White,Beard,Captain
570,NFT #570,570.png,Where apes meet haute couture. This uniquely dressed primate is part of the Ape Couture Society collection—ready to rock your digital world!,Dark Blue,Light Gray Ape,Prisoner,Mustache,Halo
571,NFT #571,571.png,Where apes meet haute couture. This uniquely dressed primate is part of the Ape Couture Society collection—ready to rock your digital world!,Neon Aqua,Light Brown Ape,Tank Top White,Glasses,No Hat
572,NFT #572,572.png,Where apes meet haute couture. This uniquely dressed primate is part of the Ape Couture Society collection—ready to rock your digital world!,Orange,Black Ape,Space,Beard,Captain
573,NFT #573,573.png,Where apes meet haute couture. This uniquely dressed primate is part of the Ape Couture Society collection—ready to rock your digital world!,Dark Blue,Gray Ape,Plain Blue,Glasses,Halo
574,NFT #574,574.png,Where apes meet haute couture. This uniquely dressed primate is part of the Ape Couture Society collection—ready to rock your digital world!,Neon Aqua,Leopard Ape,Army,Mustache,Captain
575,NFT #575,575.png,Where apes meet haute couture. This uniquely dressed primate is part of the Ape Couture Society collection—ready to rock your digital world!,Neon Aqua,Leopard Ape,Formal Red,Eye Patch,Cowboy Hat
576,NFT #576,576.png,Where apes meet haute couture. This uniquely dressed primate is part of the Ape Couture Society collection—ready to rock your digital world!,Purple,Black Ape,Space,Eye Patch,Halo
577,NFT #577,577.png,Where apes meet haute couture. This uniquely dressed primate is part of the Ape Couture Society collection—ready to rock your digital world!,Gray,Gray Ape,Army,Bubblegum 1,America Helmet
578,NFT #578,578.png,Where apes meet haute couture. This uniquely dressed primate is part of the Ape Couture Society collection—ready to rock your digital world!,Purple,Light Gray Ape,Sailor,Cigarette,Crown
579,NFT #579,579.png,Where apes meet haute couture. This uniquely dressed primate is part of the Ape Couture Society collection—ready to rock your digital world!,Purple,Pink Ape,Space,Pipe,No Hat
58,NFT #58,58.png,Where apes meet haute couture. This uniquely dressed primate is part of the Ape Couture Society collection—ready to rock your digital world!,Orange,Black Ape,Graphic Tee Two Mountain,Bubblegum 1,Halo
580,NFT #580,580.png,Where apes meet haute couture. This uniquely dressed primate is part of the Ape Couture Society collection—ready to rock your digital world!,Olive Green,Gray Ape,Army,Laser Eyes,Sailor Hat
581,NFT #581,581.png,Where apes meet haute couture. This uniquely dressed primate is part of the Ape Couture Society collection—ready to rock your digital world!,Orange,Pink Ape,No Cloth,Robot Eye,Cowboy Hat
582,NFT #582,582.png,Where apes meet haute couture. This uniquely dressed primate is part of the Ape Couture Society collection—ready to rock your digital world!,Yellow,Gray Ape,Plain Blue,Bubblegum 1,Cowboy Hat
583,NFT #583,583.png,Where apes meet haute couture. This uniquely dressed primate is part of the Ape Couture Society collection—ready to rock your digital world!,Yellow,Light Gray Ape,Graphic Tee Two Mountain,Glasses,Sailor Hat
584,NFT #584,584.png,Where apes meet haute couture. This uniquely dressed primate is part of the Ape Couture Society collection—ready to rock your digital world!,Purple,Light Gray Ape,No Cloth,Cigar,Sailor Hat
585,NFT #585,585.png,Where apes meet haute couture. This uniquely dressed primate is part of the Ape Couture Society collection—ready to rock your digital world!,Neon Aqua,Pink Ape,Sailor,Eye Patch,Halo
586,NFT #586,586.png,Where apes meet haute couture. This uniquely dressed primate is part of the Ape Couture Society collection—ready to rock your digital world!,Olive Green,Pink Ape,Graphic Tee Two Mountain,Robot Eye,Halo
587,NFT #587,587.png,Where apes meet haute couture. This uniquely dressed primate is part of the Ape Couture Society collection—ready to rock your digital world!,Yellow,Light Brown Ape,Army,Bubblegum 2,Cowboy Hat
588,NFT #588,588.png,Where apes meet haute couture. This uniquely dressed primate is part of the Ape Couture Society collection—ready to rock your digital world!,Gray,Brown Ape,Graphic Tee Two Mountain,Beard,Sailor Hat
589,NFT #589,589.png,Where apes meet haute couture. This uniquely dressed primate is part of the Ape Couture Society collection—ready to rock your digital world!,Olive Green,Yellow Ape,No Cloth,Beard,Captain
59,NFT #59,59.png,Where apes meet haute couture. This uniquely dressed primate is part of the Ape Couture Society collection—ready to rock your digital world!,Gray,Yellow Ape,Army,Robot Eye,Halo
590,NFT #590,590.png,Where apes meet haute couture. This uniquely dressed primate is part of the Ape Couture Society collection—ready to rock your digital world!,Orange,Yellow Ape,Sailor,Pipe,No Hat
591,NFT #591,591.png,Where apes meet haute couture. This uniquely dressed primate is part of the Ape Couture Society collection—ready to rock your digital world!,Dark Blue,Pink Ape,Formal Red,Eye Patch,Cowboy Hat
592,NFT #592,592.png,Where apes meet haute couture. This uniquely dressed primate is part of the Ape Couture Society collection—ready to rock your digital world!,Olive Green,Yellow Ape,Space,Glasses,Halo
593,NFT #593,593.png,Where apes meet haute couture. This uniquely dressed primate is part of the Ape Couture Society collection—ready to rock your digital world!,Neon Aqua,Light Brown Ape,Tank Top White,Eye Patch,Party Hat
594,NFT #594,594.png,Where apes meet haute couture. This uniquely dressed primate is part of the Ape Couture Society collection—ready to rock your digital world!,Purple,Gray Ape,Sailor,Laser Eyes,No Hat
595,NFT #595,595.png,Where apes meet haute couture. This uniquely dressed primate is part of the Ape Couture Society collection—ready to rock your digital world!,Yellow,Gray Ape,Formal Red,Cigar,Cowboy Hat
596,NFT #596,596.png,Where apes meet haute couture. This uniquely dressed primate is part of the Ape Couture Society collection—ready to rock your digital world!,Yellow,Yellow Ape,Plain Gray,Cigar,Sailor Hat
597,NFT #597,597.png,Where apes meet haute couture. This uniquely dressed primate is part of the Ape Couture Society collection—ready to rock your digital world!,Light Blue,Pink Ape,No Cloth,Eye Patch,Halo
598,NFT #598,598.png,Where apes meet haute couture. This uniquely dressed primate is part of the Ape Couture Society collection—ready to rock your digital world!,Neon Aqua,Light Brown Ape,Formal Red,Robot Eye,Crown
599,NFT #599,599.png,Where apes meet haute couture. This uniquely dressed primate is part of the Ape Couture Society collection—ready to rock your digital world!,Dark Blue,Black Ape,No Cloth,Eye Patch,Captain
6,NFT #6,6.png,Where apes meet haute couture. This uniquely dressed primate is part of the Ape Couture Society collection—ready to rock your digital world!,Olive Green,Light Gray Ape,Graphic Tee Two Mountain,Bubblegum 2,No Hat
60,NFT #60,60.png,Where apes meet haute couture. This uniquely dressed primate is part of the Ape Couture Society collection—ready to rock your digital world!,Dark Blue,Light Gray Ape,No Cloth,Eye Patch,Cowboy Hat
600,NFT #600,600.png,Where apes meet haute couture. This uniquely dressed primate is part of the Ape Couture Society collection—ready to rock your digital world!,Dark Blue,Light Brown Ape,Plain Gray,Pizza,Cowboy Hat
601,NFT #601,601.png,Where apes meet haute couture. This uniquely dressed primate is part of the Ape Couture Society collection—ready to rock your digital world!,Yellow,Light Gray Ape,Plain Blue,Eyes Out,Halo
602,NFT #602,602.png,Where apes meet haute couture. This uniquely dressed primate is part of the Ape Couture Society collection—ready to rock your digital world!,Gray,Pink Ape,Tank Top White,Robot Eye,Captain
603,NFT #603,603.png,Where apes meet haute couture. This uniquely dressed primate is part of the Ape Couture Society collection—ready to rock your digital world!,Olive Green,Leopard Ape,No Cloth,Eye Patch,America Helmet
604,NFT #604,604.png,Where apes meet haute couture. This uniquely dressed primate is part of the Ape Couture Society collection—ready to rock your digital world!,Yellow,Black Ape,Plain Blue,Glasses,No Hat
605,NFT #605,605.png,Where apes meet haute couture. This uniquely dressed primate is part of the Ape Couture Society collection—ready to rock your digital world!,Light Blue,Light Brown Ape,Sailor,Pizza,America Helmet
606,NFT #606,606.png,Where apes meet haute couture. This uniquely dressed primate is part of the Ape Couture Society collection—ready to rock your digital world!,Purple,Yellow Ape,Formal Red,Bubblegum 1,Crown
607,NFT #607,607.png,Where apes meet haute couture. This uniquely dressed primate is part of the Ape Couture Society collection—ready to rock your digital world!,Orange,Light Brown Ape,Plain Blue,Bubblegum 2,Halo
608,NFT #608,608.png,Where apes meet haute couture. This uniquely dressed primate is part of the Ape Couture Society collection—ready to rock your digital world!,Purple,Pink Ape,Plain Gray,Eyes Out,Halo
609,NFT #609,609.png,Where apes meet haute couture. This uniquely dressed primate is part of the Ape Couture Society collection—ready to rock your digital world!,Purple,Leopard Ape,No Cloth,Pipe,America Helmet
61,NFT #61,61.png,Where apes meet haute couture. This uniquely dressed primate is part of the Ape Couture Society collection—ready to rock your digital world!,Dark Blue,Pink Ape,No Cloth,Eye Patch,Halo
610,NFT #610,610.png,Where apes meet haute couture. This uniquely dressed primate is part of the Ape Couture Society collection—ready to rock your digital world!,Light Blue,Black Ape,Space,Mustache,Captain
611,NFT #611,611.png,Where apes meet haute couture. This uniquely dressed primate is part of the Ape Couture Society collection—ready to rock your digital world!,Light Blue,Pink Ape,Plain Gray,Beard,Cowboy Hat
612,NFT #612,612.png,Where apes meet haute couture. This uniquely dressed primate is part of the Ape Couture Society collection—ready to rock your digital world!,Orange,Light Brown Ape,Plain Gray,Laser Eyes,Halo
613,NFT #613,613.png,Where apes meet haute couture. This uniquely dressed primate is part of the Ape Couture Society collection—ready to rock your digital world!,Orange,Light Brown Ape,No Cloth,Beard,Cowboy Hat
614,NFT #614,614.png,Where apes meet haute couture. This uniquely dressed primate is part of the Ape Couture Society collection—ready to rock your digital world!,Gray,Light Brown Ape,Formal Red,Cigar,Sailor Hat
615,NFT #615,615.png,Where apes meet haute couture. This uniquely dressed primate is part of the Ape Couture Society collection—ready to rock your digital world!,Yellow,Leopard Ape,Prisoner,Cigar,Captain
616,NFT #616,616.png,Where apes meet haute couture. This uniquely dressed primate is part of the Ape Couture Society collection—ready to rock your digital world!,Dark Blue,Black Ape,Graphic Tee Two Mountain,Glasses,Halo
617,NFT #617,617.png,Where apes meet haute couture. This uniquely dressed primate is part of the Ape Couture Society collection—ready to rock your digital world!,Neon Aqua,Leopard Ape,Plain Gray,Bubblegum 1,Cowboy Hat
618,NFT #618,618.png,Where apes meet haute couture. This uniquely dressed primate is part of the Ape Couture Society collection—ready to rock your digital world!,Yellow,Gray Ape,Army,Mustache,Captain
619,NFT #619,619.png,Where apes meet haute couture. This uniquely dressed primate is part of the Ape Couture Society collection—ready to rock your digital world!,Dark Blue,Light Gray Ape,Sailor,Bubblegum 2,Halo
62,NFT #62,62.png,Where apes meet haute couture. This uniquely dressed primate is part of the Ape Couture Society collection—ready to rock your digital world!,Neon Aqua,Light Brown Ape,Prisoner,Eye Patch,Cowboy Hat
620,NFT #620,620.png,Where apes meet haute couture. This uniquely dressed primate is part of the Ape Couture Society collection—ready to rock your digital world!,Purple,Brown Ape,Tank Top White,Robot Eye,Halo
621,NFT #621,621.png,Where apes meet haute couture. This uniquely dressed primate is part of the Ape Couture Society collection—ready to rock your digital world!,Neon Aqua,Gray Ape,No Cloth,Pipe,Party Hat
622,NFT #622,622.png,Where apes meet haute couture. This uniquely dressed primate is part of the Ape Couture Society collection—ready to rock your digital world!,Dark Blue,Pink Ape,Suit,Bubblegum 2,No Hat
623,NFT #623,623.png,Where apes meet haute couture. This uniquely dressed primate is part of the Ape Couture Society collection—ready to rock your digital world!,Purple,Leopard Ape,Tank Top White,Robot Eye,Halo
624,NFT #624,624.png,Where apes meet haute couture. This uniquely dressed primate is part of the Ape Couture Society collection—ready to rock your digital world!,Orange,Pink Ape,No Cloth,Eye Patch,Halo
625,NFT #625,625.png,Where apes meet haute couture. This uniquely dressed primate is part of the Ape Couture Society collection—ready to rock your digital world!,Orange,Light Gray Ape,Space,Bubblegum 2,Cowboy Hat
626,NFT #626,626.png,Where apes meet haute couture. This uniquely dressed primate is part of the Ape Couture Society collection—ready to rock your digital world!,Yellow,Gray Ape,No Cloth,Beard,No Hat
627,NFT #627,627.png,Where apes meet haute couture. This uniquely dressed primate is part of the Ape Couture Society collection—ready to rock your digital world!,Dark Blue,Brown Ape,Space,Bubblegum 2,Sailor Hat
628,NFT #628,628.png,Where apes meet haute couture. This uniquely dressed primate is part of the Ape Couture Society collection—ready to rock your digital world!,Light Blue,Light Gray Ape,Summer,Pipe,Sailor Hat
629,NFT #629,629.png,Where apes meet haute couture. This uniquely dressed primate is part of the Ape Couture Society collection—ready to rock your digital world!,Light Blue,Light Gray Ape,Plain Gray,Beard,Captain
63,NFT #63,63.png,Where apes meet haute couture. This uniquely dressed primate is part of the Ape Couture Society collection—ready to rock your digital world!,Gray,Gray Ape,Tank Top White,Cigarette,Sailor Hat
630,NFT #630,630.png,Where apes meet haute couture. This uniquely dressed primate is part of the Ape Couture Society collection—ready to rock your digital world!,Olive Green,Gray Ape,Prisoner,Robot Eye,Halo
631,NFT #631,631.png,Where apes meet haute couture. This uniquely dressed primate is part of the Ape Couture Society collection—ready to rock your digital world!,Neon Aqua,Pink Ape,Plain Gray,Mustache,Halo
632,NFT #632,632.png,Where apes meet haute couture. This uniquely dressed primate is part of the Ape Couture Society collection—ready to rock your digital world!,Purple,Light Gray Ape,Prisoner,Beard,Cowboy Hat
633,NFT #633,633.png,Where apes meet haute couture. This uniquely dressed primate is part of the Ape Couture Society collection—ready to rock your digital world!,Light Blue,Gray Ape,Sailor,Robot Eye,Captain
634,NFT #634,634.png,Where apes meet haute couture. This uniquely dressed primate is part of the Ape Couture Society collection—ready to rock your digital world!,Orange,Light Gray Ape,Suit,Cigar,Sailor Hat
635,NFT #635,635.png,Where apes meet haute couture. This uniquely dressed primate is part of the Ape Couture Society collection—ready to rock your digital world!,Dark Blue,Pink Ape,Plain Blue,Cigarette,Captain
636,NFT #636,636.png,Where apes meet haute couture. This uniquely dressed primate is part of the Ape Couture Society collection—ready to rock your digital world!,Purple,Pink Ape,Prisoner,Bubblegum 2,Sailor Hat
637,NFT #637,637.png,Where apes meet haute couture. This uniquely dressed primate is part of the Ape Couture Society collection—ready to rock your digital world!,Neon Aqua,Pink Ape,Summer,Eyes Out,Crown
638,NFT #638,638.png,Where apes meet haute couture. This uniquely dressed primate is part of the Ape Couture Society collection—ready to rock your digital world!,Yellow,Brown Ape,Plain Blue,Bubblegum 2,Party Hat
639,NFT #639,639.png,Where apes meet haute couture. This uniquely dressed primate is part of the Ape Couture Society collection—ready to rock your digital world!,Neon Aqua,Light Brown Ape,Plain Gray,Eye Patch,Sailor Hat
64,NFT #64,64.png,Where apes meet haute couture. This uniquely dressed primate is part of the Ape Couture Society collection—ready to rock your digital world!,Gray,Black Ape,Prisoner,Mustache,Captain
640,NFT #640,640.png,Where apes meet haute couture. This uniquely dressed primate is part of the Ape Couture Society collection—ready to rock your digital world!,Neon Aqua,Brown Ape,Tank Top White,Pipe,Crown
641,NFT #641,641.png,Where apes meet haute couture. This uniquely dressed primate is part of the Ape Couture Society collection—ready to rock your digital world!,Gray,Pink Ape,Space,Glasses,Cowboy Hat
642,NFT #642,642.png,Where apes meet haute couture. This uniquely dressed primate is part of the Ape Couture Society collection—ready to rock your digital world!,Light Blue,Pink Ape,Prisoner,Cigarette,Cowboy Hat
643,NFT #643,643.png,Where apes meet haute couture. This uniquely dressed primate is part of the Ape Couture Society collection—ready to rock your digital world!,Orange,Brown Ape,Plain Gray,Beard,Captain
644,NFT #644,644.png,Where apes meet haute couture. This uniquely dressed primate is part of the Ape Couture Society collection—ready to rock your digital world!,Olive Green,Black Ape,Space,Glasses,Party Hat
645,NFT #645,645.png,Where apes meet haute couture. This uniquely dressed primate is part of the Ape Couture Society collection—ready to rock your digital world!,Olive Green,Black Ape,Plain Gray,Eye Patch,Crown
646,NFT #646,646.png,Where apes meet haute couture. This uniquely dressed primate is part of the Ape Couture Society collection—ready to rock your digital world!,Orange,Brown Ape,Space,Robot Eye,Sailor Hat
647,NFT #647,647.png,Where apes meet haute couture. This uniquely dressed primate is part of the Ape Couture Society collection—ready to rock your digital world!,Neon Aqua,Gray Ape,Plain Gray,Eye Patch,America Helmet
648,NFT #648,648.png,Where apes meet haute couture. This uniquely dressed primate is part of the Ape Couture Society collection—ready to rock your digital world!,Yellow,Brown Ape,Plain Blue,Pipe,Halo
649,NFT #649,649.png,Where apes meet haute couture. This uniquely dressed primate is part of the Ape Couture Society collection—ready to rock your digital world!,Orange,Pink Ape,Tank Top White,Cigar,Cowboy Hat
65,NFT #65,65.png,Where apes meet haute couture. This uniquely dressed primate is part of the Ape Couture Society collection—ready to rock your digital world!,Light Blue,Pink Ape,Tank Top White,Laser Eyes,Captain
650,NFT #650,650.png,Where apes meet haute couture. This uniquely dressed primate is part of the Ape Couture Society collection—ready to rock your digital world!,Neon Aqua,Gray Ape,Graphic Tee Two Mountain,Cigar,No Hat
651,NFT #651,651.png,Where apes meet haute couture. This uniquely dressed primate is part of the Ape Couture Society collection—ready to rock your digital world!,Light Blue,Light Brown Ape,Army,Glasses,Halo
652,NFT #652,652.png,Where apes meet haute couture. This uniquely dressed primate is part of the Ape Couture Society collection—ready to rock your digital world!,Orange,Light Brown Ape,Space,Eyes Out,Party Hat
653,NFT #653,653.png,Where apes meet haute couture. This uniquely dressed primate is part of the Ape Couture Society collection—ready to rock your digital world!,Olive Green,Light Brown Ape,No Cloth,Eyes Out,No Hat
654,NFT #654,654.png,Where apes meet haute couture. This uniquely dressed primate is part of the Ape Couture Society collection—ready to rock your digital world!,Yellow,Leopard Ape,Sailor,Robot Eye,Party Hat
655,NFT #655,655.png,Where apes meet haute couture. This uniquely dressed primate is part of the Ape Couture Society collection—ready to rock your digital world!,Dark Blue,Light Gray Ape,Summer,Glasses,Party Hat
656,NFT #656,656.png,Where apes meet haute couture. This uniquely dressed primate is part of the Ape Couture Society collection—ready to rock your digital world!,Light Blue,Black Ape,No Cloth,Glasses,Cowboy Hat
657,NFT #657,657.png,Where apes meet haute couture. This uniquely dressed primate is part of the Ape Couture Society collection—ready to rock your digital world!,Dark Blue,Brown Ape,Plain Gray,Beard,Sailor Hat
658,NFT #658,658.png,Where apes meet haute couture. This uniquely dressed primate is part of the Ape Couture Society collection—ready to rock your digital world!,Olive Green,Pink Ape,Plain Gray,Beard,Captain
659,NFT #659,659.png,Where apes meet haute couture. This uniquely dressed primate is part of the Ape Couture Society collection—ready to rock your digital world!,Orange,Gray Ape,Formal Red,Eye Patch,Captain
66,NFT #66,66.png,Where apes meet haute couture. This uniquely dressed primate is part of the Ape Couture Society collection—ready to rock your digital world!,Gray,Leopard Ape,Sailor,Bubblegum 1,No Hat
660,NFT #660,660.png,Where apes meet haute couture. This uniquely dressed primate is part of the Ape Couture Society collection—ready to rock your digital world!,Neon Aqua,Gray Ape,Tank Top White,Glasses,Party Hat
661,NFT #661,661.png,Where apes meet haute couture. This uniquely dressed primate is part of the Ape Couture Society collection—ready to rock your digital world!,Orange,Pink Ape,Plain Gray,Cigar,Captain
662,NFT #662,662.png,Where apes meet haute couture. This uniquely dressed primate is part of the Ape Couture Society collection—ready to rock your digital world!,Purple,Light Brown Ape,Army,Glasses,Cowboy Hat
663,NFT #663,663.png,Where apes meet haute couture. This uniquely dressed primate is part of the Ape Couture Society collection—ready to rock your digital world!,Orange,Brown Ape,No Cloth,Eyes Out,Party Hat
664,NFT #664,664.png,Where apes meet haute couture. This uniquely dressed primate is part of the Ape Couture Society collection—ready to rock your digital world!,Light Blue,Black Ape,Tank Top White,Beard,Halo
665,NFT #665,665.png,Where apes meet haute couture. This uniquely dressed primate is part of the Ape Couture Society collection—ready to rock your digital world!,Gray,Pink Ape,No Cloth,Robot Eye,Halo
666,NFT #666,666.png,Where apes meet haute couture. This uniquely dressed primate is part of the Ape Couture Society collection—ready to rock your digital world!,Olive Green,Gray Ape,Plain Blue,Cigar,Halo
667,NFT #667,667.png,Where apes meet haute couture. This uniquely dressed primate is part of the Ape Couture Society collection—ready to rock your digital world!,Dark Blue,Black Ape,Space,Eyes Out,Halo
668,NFT #668,668.png,Where apes meet haute couture. This uniquely dressed primate is part of the Ape Couture Society collection—ready to rock your digital world!,Gray,Yellow Ape,No Cloth,Glasses,Cowboy Hat
669,NFT #669,669.png,Where apes meet haute couture. This uniquely dressed primate is part of the Ape Couture Society collection—ready to rock your digital world!,Yellow,Gray Ape,Tank Top White,Mustache,America Helmet
67,NFT #67,67.png,Where apes meet haute couture. This uniquely dressed primate is part of the Ape Couture Society collection—ready to rock your digital world!,Orange,Light Gray Ape,Tank Top White,Eye Patch,Party Hat
670,NFT #670,670.png,Where apes meet haute couture. This uniquely dressed primate is part of the Ape Couture Society collection—ready to rock your digital world!,Light Blue,Light Gray Ape,Plain Gray,Cigarette,No Hat
671,NFT #671,671.png,Where apes meet haute couture. This uniquely dressed primate is part of the Ape Couture Society collection—ready to rock your digital world!,Light Blue,Yellow Ape,Prisoner,Robot Eye,Cowboy Hat
672,NFT #672,672.png,Where apes meet haute couture. This uniquely dressed primate is part of the Ape Couture Society collection—ready to rock your digital world!,Gray,Brown Ape,No Cloth,Bubblegum 2,No Hat
673,NFT #673,673.png,Where apes meet haute couture. This uniquely dressed primate is part of the Ape Couture Society collection—ready to rock your digital world!,Yellow,Brown Ape,Space,Mustache,Sailor Hat
674,NFT #674,674.png,Where apes meet haute couture. This uniquely dressed primate is part of the Ape Couture Society collection—ready to rock your digital world!,Yellow,Pink Ape,Plain Blue,Eyes Out,Halo
675,NFT #675,675.png,Where apes meet haute couture. This uniquely dressed primate is part of the Ape Couture Society collection—ready to rock your digital world!,Gray,Brown Ape,Graphic Tee Two Mountain,Eye Patch,America Helmet
676,NFT #676,676.png,Where apes meet haute couture. This uniquely dressed primate is part of the Ape Couture Society collection—ready to rock your digital world!,Neon Aqua,Black Ape,Plain Blue,Beard,Halo
677,NFT #677,677.png,Where apes meet haute couture. This uniquely dressed primate is part of the Ape Couture Society collection—ready to rock your digital world!,Purple,Yellow Ape,Space,Cigarette,Halo
678,NFT #678,678.png,Where apes meet haute couture. This uniquely dressed primate is part of the Ape Couture Society collection—ready to rock your digital world!,Gray,Leopard Ape,No Cloth,Mustache,Cowboy Hat
679,NFT #679,679.png,Where apes meet haute couture. This uniquely dressed primate is part of the Ape Couture Society collection—ready to rock your digital world!,Gray,Yellow Ape,No Cloth,Mustache,America Helmet
68,NFT #68,68.png,Where apes meet haute couture. This uniquely dressed primate is part of the Ape Couture Society collection—ready to rock your digital world!,Yellow,Gray Ape,Plain Gray,Mustache,Halo
680,NFT #680,680.png,Where apes meet haute couture. This uniquely dressed primate is part of the Ape Couture Society collection—ready to rock your digital world!,Dark Blue,Light Gray Ape,Formal Red,Cigarette,America Helmet
681,NFT #681,681.png,Where apes meet haute couture. This uniquely dressed primate is part of the Ape Couture Society collection—ready to rock your digital world!,Orange,Light Brown Ape,Graphic Tee Two Mountain,Cigarette,America Helmet
682,NFT #682,682.png,Where apes meet haute couture. This uniquely dressed primate is part of the Ape Couture Society collection—ready to rock your digital world!,Neon Aqua,Light Gray Ape,Plain Gray,Glasses,Cowboy Hat
683,NFT #683,683.png,Where apes meet haute couture. This uniquely dressed primate is part of the Ape Couture Society collection—ready to rock your digital world!,Olive Green,Yellow Ape,Sailor,Bubblegum 1,Halo
684,NFT #684,684.png,Where apes meet haute couture. This uniquely dressed primate is part of the Ape Couture Society collection—ready to rock your digital world!,Yellow,Yellow Ape,Prisoner,Eyes Out,Party Hat
685,NFT #685,685.png,Where apes meet haute couture. This uniquely dressed primate is part of the Ape Couture Society collection—ready to rock your digital world!,Yellow,Brown Ape,Plain Blue,Robot Eye,No Hat
686,NFT #686,686.png,Where apes meet haute couture. This uniquely dressed primate is part of the Ape Couture Society collection—ready to rock your digital world!,Light Blue,Light Brown Ape,No Cloth,Eye Patch,Captain
687,NFT #687,687.png,Where apes meet haute couture. This uniquely dressed primate is part of the Ape Couture Society collection—ready to rock your digital world!,Yellow,Pink Ape,Sailor,Bubblegum 2,No Hat
688,NFT #688,688.png,Where apes meet haute couture. This uniquely dressed primate is part of the Ape Couture Society collection—ready to rock your digital world!,Purple,Black Ape,Sailor,Pizza,Sailor Hat
689,NFT #689,689.png,Where apes meet haute couture. This uniquely dressed primate is part of the Ape Couture Society collection—ready to rock your digital world!,Light Blue,Light Brown Ape,No Cloth,Pipe,No Hat
69,NFT #69,69.png,Where apes meet haute couture. This uniquely dressed primate is part of the Ape Couture Society collection—ready to rock your digital world!,Dark Blue,Light Gray Ape,Tank Top White,Beard,No Hat
690,NFT #690,690.png,Where apes meet haute couture. This uniquely dressed primate is part of the Ape Couture Society collection—ready to rock your digital world!,Orange,Pink Ape,Space,Glasses,America Helmet
691,NFT #691,691.png,Where apes meet haute couture. This uniquely dressed primate is part of the Ape Couture Society collection—ready to rock your digital world!,Orange,Gray Ape,Graphic Tee Two Mountain,Pizza,Cowboy Hat
692,NFT #692,692.png,Where apes meet haute couture. This uniquely dressed primate is part of the Ape Couture Society collection—ready to rock your digital world!,Gray,Light Gray Ape,Formal Red,Pipe,Captain
693,NFT #693,693.png,Where apes meet haute couture. This uniquely dressed primate is part of the Ape Couture Society collection—ready to rock your digital world!,Purple,Gray Ape,Space,Glasses,Captain
694,NFT #694,694.png,Where apes meet haute couture. This uniquely dressed primate is part of the Ape Couture Society collection—ready to rock your digital world!,Olive Green,Brown Ape,Plain Gray,Pipe,No Hat
695,NFT #695,695.png,Where apes meet haute couture. This uniquely dressed primate is part of the Ape Couture Society collection—ready to rock your digital world!,Orange,Light Gray Ape,Suit,Robot Eye,No Hat
696,NFT #696,696.png,Where apes meet haute couture. This uniquely dressed primate is part of the Ape Couture Society collection—ready to rock your digital world!,Dark Blue,Pink Ape,Plain Gray,Cigarette,Halo
697,NFT #697,697.png,Where apes meet haute couture. This uniquely dressed primate is part of the Ape Couture Society collection—ready to rock your digital world!,Purple,Leopard Ape,Army,Cigarette,Party Hat
698,NFT #698,698.png,Where apes meet haute couture. This uniquely dressed primate is part of the Ape Couture Society collection—ready to rock your digital world!,Light Blue,Gold Ape,Plain Gray,Eye Patch,Sailor Hat
699,NFT #699,699.png,Where apes meet haute couture. This uniquely dressed primate is part of the Ape Couture Society collection—ready to rock your digital world!,Light Blue,Gold Ape,Sailor,Eyes Out,No Hat
7,NFT #7,7.png,Where apes meet haute couture. This uniquely dressed primate is part of the Ape Couture Society collection—ready to rock your digital world!,Yellow,Black Ape,No Cloth,Robot Eye,Sailor Hat
70,NFT #70,70.png,Where apes meet haute couture. This uniquely dressed primate is part of the Ape Couture Society collection—ready to rock your digital world!,Light Blue,Black Ape,Sailor,Cigar,Party Hat
700,NFT #700,700.png,Where apes meet haute couture. This uniquely dressed primate is part of the Ape Couture Society collection—ready to rock your digital world!,Dark Blue,Black Ape,No Cloth,Glasses,Captain
701,NFT #701,701.png,Where apes meet haute couture. This uniquely dressed primate is part of the Ape Couture Society collection—ready to rock your digital world!,Orange,Light Brown Ape,Summer,Eye Patch,Captain
702,NFT #702,702.png,Where apes meet haute couture. This uniquely dressed primate is part of the Ape Couture Society collection—ready to rock your digital world!,Olive Green,Pink Ape,Army,Cigar,No Hat
703,NFT #703,703.png,Where apes meet haute couture. This uniquely dressed primate is part of the Ape Couture Society collection—ready to rock your digital world!,Dark Blue,Pink Ape,Formal Red,Pipe,Halo
704,NFT #704,704.png,Where apes meet haute couture. This uniquely dressed primate is part of the Ape Couture Society collection—ready to rock your digital world!,Dark Blue,Light Brown Ape,Formal Red,Eye Patch,Crown
705,NFT #705,705.png,Where apes meet haute couture. This uniquely dressed primate is part of the Ape Couture Society collection—ready to rock your digital world!,Neon Aqua,Brown Ape,Tank Top White,Bubblegum 2,America Helmet
706,NFT #706,706.png,Where apes meet haute couture. This uniquely dressed primate is part of the Ape Couture Society collection—ready to rock your digital world!,Yellow,Yellow Ape,Space,Glasses,America Helmet
707,NFT #707,707.png,Where apes meet haute couture. This uniquely dressed primate is part of the Ape Couture Society collection—ready to rock your digital world!,Light Blue,Yellow Ape,Formal Red,Bubblegum 1,Captain
708,NFT #708,708.png,Where apes meet haute couture. This uniquely dressed primate is part of the Ape Couture Society collection—ready to rock your digital world!,Yellow,Brown Ape,Tank Top White,Bubblegum 2,No Hat
709,NFT #709,709.png,Where apes meet haute couture. This uniquely dressed primate is part of the Ape Couture Society collection—ready to rock your digital world!,Light Blue,Black Ape,Plain Blue,Pipe,Party Hat
71,NFT #71,71.png,Where apes meet haute couture. This uniquely dressed primate is part of the Ape Couture Society collection—ready to rock your digital world!,Olive Green,Yellow Ape,Prisoner,Beard,America Helmet
710,NFT #710,710.png,Where apes meet haute couture. This uniquely dressed primate is part of the Ape Couture Society collection—ready to rock your digital world!,Dark Blue,Brown Ape,Plain Gray,Eye Patch,No Hat
711,NFT #711,711.png,Where apes meet haute couture. This uniquely dressed primate is part of the Ape Couture Society collection—ready to rock your digital world!,Purple,Pink Ape,Prisoner,Glasses,Captain
712,NFT #712,712.png,Where apes meet haute couture. This uniquely dressed primate is part of the Ape Couture Society collection—ready to rock your digital world!,Orange,Light Gray Ape,Plain Gray,Pipe,America Helmet
713,NFT #713,713.png,Where apes meet haute couture. This uniquely dressed primate is part of the Ape Couture Society collection—ready to rock your digital world!,Light Blue,Yellow Ape,Suit,Glasses,Sailor Hat
714,NFT #714,714.png,Where apes meet haute couture. This uniquely dressed primate is part of the Ape Couture Society collection—ready to rock your digital world!,Neon Aqua,Light Gray Ape,Sailor,Eye Patch,No Hat
715,NFT #715,715.png,Where apes meet haute couture. This uniquely dressed primate is part of the Ape Couture Society collection—ready to rock your digital world!,Neon Aqua,Light Brown Ape,Plain Gray,Robot Eye,Sailor Hat
716,NFT #716,716.png,Where apes meet haute couture. This uniquely dressed primate is part of the Ape Couture Society collection—ready to rock your digital world!,Light Blue,Light Gray Ape,Prisoner,Mustache,Captain
717,NFT #717,717.png,Where apes meet haute couture. This uniquely dressed primate is part of the Ape Couture Society collection—ready to rock your digital world!,Dark Blue,Gold Ape,Space,Glasses,No Hat
718,NFT #718,718.png,Where apes meet haute couture. This uniquely dressed primate is part of the Ape Couture Society collection—ready to rock your digital world!,Gray,Gray Ape,Sailor,Robot Eye,Captain
719,NFT #719,719.png,Where apes meet haute couture. This uniquely dressed primate is part of the Ape Couture Society collection—ready to rock your digital world!,Orange,Light Gray Ape,Prisoner,Robot Eye,Cowboy Hat
72,NFT #72,72.png,Where apes meet haute couture. This uniquely dressed primate is part of the Ape Couture Society collection—ready to rock your digital world!,Gray,Leopard Ape,Prisoner,Glasses,Sailor Hat
720,NFT #720,720.png,Where apes meet haute couture. This uniquely dressed primate is part of the Ape Couture Society collection—ready to rock your digital world!,Orange,Brown Ape,Plain Blue,Eye Patch,Crown
721,NFT #721,721.png,Where apes meet haute couture. This uniquely dressed primate is part of the Ape Couture Society collection—ready to rock your digital world!,Olive Green,Gray Ape,No Cloth,Pizza,No Hat
722,NFT #722,722.png,Where apes meet haute couture. This uniquely dressed primate is part of the Ape Couture Society collection—ready to rock your digital world!,Olive Green,Gray Ape,No Cloth,Beard,No Hat
723,NFT #723,723.png,Where apes meet haute couture. This uniquely dressed primate is part of the Ape Couture Society collection—ready to rock your digital world!,Light Blue,Black Ape,Plain Blue,Pizza,Cowboy Hat
724,NFT #724,724.png,Where apes meet haute couture. This uniquely dressed primate is part of the Ape Couture Society collection—ready to rock your digital world!,Purple,Brown Ape,Plain Blue,Pipe,Sailor Hat
725,NFT #725,725.png,Where apes meet haute couture. This uniquely dressed primate is part of the Ape Couture Society collection—ready to rock your digital world!,Dark Blue,Yellow Ape,Tank Top White,Mustache,Captain
726,NFT #726,726.png,Where apes meet haute couture. This uniquely dressed primate is part of the Ape Couture Society collection—ready to rock your digital world!,Purple,Pink Ape,Sailor,Pizza,Halo
727,NFT #727,727.png,Where apes meet haute couture. This uniquely dressed primate is part of the Ape Couture Society collection—ready to rock your digital world!,Olive Green,Light Gray Ape,Summer,Beard,Party Hat
728,NFT #728,728.png,Where apes meet haute couture. This uniquely dressed primate is part of the Ape Couture Society collection—ready to rock your digital world!,Orange,Light Gray Ape,Tank Top White,Cigarette,Party Hat
729,NFT #729,729.png,Where apes meet haute couture. This uniquely dressed primate is part of the Ape Couture Society collection—ready to rock your digital world!,Orange,Black Ape,Space,Beard,Cowboy Hat
73,NFT #73,73.png,Where apes meet haute couture. This uniquely dressed primate is part of the Ape Couture Society collection—ready to rock your digital world!,Orange,Pink Ape,Plain Gray,Eye Patch,No Hat
730,NFT #730,730.png,Where apes meet haute couture. This uniquely dressed primate is part of the Ape Couture Society collection—ready to rock your digital world!,Olive Green,Leopard Ape,No Cloth,Eyes Out,No Hat
731,NFT #731,731.png,Where apes meet haute couture. This uniquely dressed primate is part of the Ape Couture Society collection—ready to rock your digital world!,Neon Aqua,Black Ape,Prisoner,Cigarette,America Helmet
732,NFT #732,732.png,Where apes meet haute couture. This uniquely dressed primate is part of the Ape Couture Society collection—ready to rock your digital world!,Olive Green,Brown Ape,Space,Mustache,Cowboy Hat
733,NFT #733,733.png,Where apes meet haute couture. This uniquely dressed primate is part of the Ape Couture Society collection—ready to rock your digital world!,Olive Green,Gray Ape,Plain Blue,Cigarette,Captain
734,NFT #734,734.png,Where apes meet haute couture. This uniquely dressed primate is part of the Ape Couture Society collection—ready to rock your digital world!,Orange,Light Gray Ape,Plain Blue,Mustache,Halo
735,NFT #735,735.png,Where apes meet haute couture. This uniquely dressed primate is part of the Ape Couture Society collection—ready to rock your digital world!,Olive Green,Black Ape,Prisoner,Cigar,No Hat
736,NFT #736,736.png,Where apes meet haute couture. This uniquely dressed primate is part of the Ape Couture Society collection—ready to rock your digital world!,Olive Green,Light Brown Ape,Suit,Mustache,Cowboy Hat
737,NFT #737,737.png,Where apes meet haute couture. This uniquely dressed primate is part of the Ape Couture Society collection—ready to rock your digital world!,Light Blue,Brown Ape,Plain Blue,Laser Eyes,Cowboy Hat
738,NFT #738,738.png,Where apes meet haute couture. This uniquely dressed primate is part of the Ape Couture Society collection—ready to rock your digital world!,Dark Blue,Pink Ape,Sailor,Pizza,No Hat
739,NFT #739,739.png,Where apes meet haute couture. This uniquely dressed primate is part of the Ape Couture Society collection—ready to rock your digital world!,Orange,Leopard Ape,Space,Glasses,Sailor Hat
74,NFT #74,74.png,Where apes meet haute couture. This uniquely dressed primate is part of the Ape Couture Society collection—ready to rock your digital world!,Light Blue,Brown Ape,Tank Top White,Laser Eyes,America Helmet
740,NFT #740,740.png,Where apes meet haute couture. This uniquely dressed primate is part of the Ape Couture Society collection—ready to rock your digital world!,Light Blue,Pink Ape,Prisoner,Beard,Party Hat
741,NFT #741,741.png,Where apes meet haute couture. This uniquely dressed primate is part of the Ape Couture Society collection—ready to rock your digital world!,Yellow,Light Gray Ape,Sailor,Beard,Party Hat
742,NFT #742,742.png,Where apes meet haute couture. This uniquely dressed primate is part of the Ape Couture Society collection—ready to rock your digital world!,Gray,Leopard Ape,Army,Eyes Out,Halo
743,NFT #743,743.png,Where apes meet haute couture. This uniquely dressed primate is part of the Ape Couture Society collection—ready to rock your digital world!,Gray,Pink Ape,Plain Gray,Bubblegum 2,Party Hat
744,NFT #744,744.png,Where apes meet haute couture. This uniquely dressed primate is part of the Ape Couture Society collection—ready to rock your digital world!,Yellow,Black Ape,Prisoner,Beard,Cowboy Hat
745,NFT #745,745.png,Where apes meet haute couture. This uniquely dressed primate is part of the Ape Couture Society collection—ready to rock your digital world!,Gray,Black Ape,No Cloth,Beard,Party Hat
746,NFT #746,746.png,Where apes meet haute couture. This uniquely dressed primate is part of the Ape Couture Society collection—ready to rock your digital world!,Orange,Light Gray Ape,Space,Pipe,Sailor Hat
747,NFT #747,747.png,Where apes meet haute couture. This uniquely dressed primate is part of the Ape Couture Society collection—ready to rock your digital world!,Olive Green,Gray Ape,Graphic Tee Two Mountain,Eye Patch,Cowboy Hat
748,NFT #748,748.png,Where apes meet haute couture. This uniquely dressed primate is part of the Ape Couture Society collection—ready to rock your digital world!,Olive Green,Light Gray Ape,No Cloth,Glasses,Cowboy Hat
749,NFT #749,749.png,Where apes meet haute couture. This uniquely dressed primate is part of the Ape Couture Society collection—ready to rock your digital world!,Purple,Gray Ape,Space,Bubblegum 1,Halo
75,NFT #75,75.png,Where apes meet haute couture. This uniquely dressed primate is part of the Ape Couture Society collection—ready to rock your digital world!,Yellow,Pink Ape,Space,Robot Eye,No Hat
750,NFT #750,750.png,Where apes meet haute couture. This uniquely dressed primate is part of the Ape Couture Society collection—ready to rock your digital world!,Gray,Light Gray Ape,Plain Gray,Mustache,Party Hat
751,NFT #751,751.png,Where apes meet haute couture. This uniquely dressed primate is part of the Ape Couture Society collection—ready to rock your digital world!,Gray,Gray Ape,Plain Blue,Laser Eyes,Captain
752,NFT #752,752.png,Where apes meet haute couture. This uniquely dressed primate is part of the Ape Couture Society collection—ready to rock your digital world!,Purple,Gray Ape,Plain Gray,Eyes Out,Halo
753,NFT #753,753.png,Where apes meet haute couture. This uniquely dressed primate is part of the Ape Couture Society collection—ready to rock your digital world!,Olive Green,Light Gray Ape,Plain Blue,Mustache,Captain
754,NFT #754,754.png,Where apes meet haute couture. This uniquely dressed primate is part of the Ape Couture Society collection—ready to rock your digital world!,Neon Aqua,Black Ape,Formal Red,Bubblegum 1,Party Hat
755,NFT #755,755.png,Where apes meet haute couture. This uniquely dressed primate is part of the Ape Couture Society collection—ready to rock your digital world!,Dark Blue,Brown Ape,Army,Pipe,Crown
756,NFT #756,756.png,Where apes meet haute couture. This uniquely dressed primate is part of the Ape Couture Society collection—ready to rock your digital world!,Purple,Yellow Ape,Formal Red,Cigar,No Hat
757,NFT #757,757.png,Where apes meet haute couture. This uniquely dressed primate is part of the Ape Couture Society collection—ready to rock your digital world!,Orange,Black Ape,Graphic Tee Two Mountain,Beard,Captain
758,NFT #758,758.png,Where apes meet haute couture. This uniquely dressed primate is part of the Ape Couture Society collection—ready to rock your digital world!,Orange,Gray Ape,Tank Top White,Cigarette,America Helmet
759,NFT #759,759.png,Where apes meet haute couture. This uniquely dressed primate is part of the Ape Couture Society collection—ready to rock your digital world!,Purple,Light Brown Ape,Plain Gray,Mustache,Party Hat
76,NFT #76,76.png,Where apes meet haute couture. This uniquely dressed primate is part of the Ape Couture Society collection—ready to rock your digital world!,Dark Blue,Black Ape,No Cloth,Glasses,America Helmet
760,NFT #760,760.png,Where apes meet haute couture. This uniquely dressed primate is part of the Ape Couture Society collection—ready to rock your digital world!,Purple,Brown Ape,Tank Top White,Beard,Sailor Hat
761,NFT #761,761.png,Where apes meet haute couture. This uniquely dressed primate is part of the Ape Couture Society collection—ready to rock your digital world!,Gray,Pink Ape,Plain Blue,Beard,No Hat
762,NFT #762,762.png,Where apes meet haute couture. This uniquely dressed primate is part of the Ape Couture Society collection—ready to rock your digital world!,Purple,Brown Ape,Army,Cigarette,Party Hat
763,NFT #763,763.png,Where apes meet haute couture. This uniquely dressed primate is part of the Ape Couture Society collection—ready to rock your digital world!,Olive Green,Pink Ape,Plain Blue,Bubblegum 2,Captain
764,NFT #764,764.png,Where apes meet haute couture. This uniquely dressed primate is part of the Ape Couture Society collection—ready to rock your digital world!,Light Blue,Leopard Ape,Space,Glasses,Cowboy Hat
765,NFT #765,765.png,Where apes meet haute couture. This uniquely dressed primate is part of the Ape Couture Society collection—ready to rock your digital world!,Purple,Light Brown Ape,No Cloth,Pipe,Halo
766,NFT #766,766.png,Where apes meet haute couture. This uniquely dressed primate is part of the Ape Couture Society collection—ready to rock your digital world!,Neon Aqua,Black Ape,Graphic Tee Two Mountain,Robot Eye,Cowboy Hat
767,NFT #767,767.png,Where apes meet haute couture. This uniquely dressed primate is part of the Ape Couture Society collection—ready to rock your digital world!,Purple,Leopard Ape,Plain Gray,Bubblegum 1,Sailor Hat
768,NFT #768,768.png,Where apes meet haute couture. This uniquely dressed primate is part of the Ape Couture Society collection—ready to rock your digital world!,Olive Green,Light Brown Ape,Plain Blue,Eyes Out,Halo
769,NFT #769,769.png,Where apes meet haute couture. This uniquely dressed primate is part of the Ape Couture Society collection—ready to rock your digital world!,Olive Green,Light Gray Ape,Sailor,Mustache,Halo
77,NFT #77,77.png,Where apes meet haute couture. This uniquely dressed primate is part of the Ape Couture Society collection—ready to rock your digital world!,Light Blue,Light Gray Ape,Graphic Tee Two Mountain,Cigarette,America Helmet
770,NFT #770,770.png,Where apes meet haute couture. This uniquely dressed primate is part of the Ape Couture Society collection—ready to rock your digital world!,Yellow,Black Ape,Space,Eye Patch,No Hat
771,NFT #771,771.png,Where apes meet haute couture. This uniquely dressed primate is part of the Ape Couture Society collection—ready to rock your digital world!,Neon Aqua,Light Brown Ape,Formal Red,Pizza,Captain
772,NFT #772,772.png,Where apes meet haute couture. This uniquely dressed primate is part of the Ape Couture Society collection—ready to rock your digital world!,Dark Blue,Light Gray Ape,Tank Top White,Cigar,Cowboy Hat
773,NFT #773,773.png,Where apes meet haute couture. This uniquely dressed primate is part of the Ape Couture Society collection—ready to rock your digital world!,Orange,Light Brown Ape,Army,Glasses,Party Hat
774,NFT #774,774.png,Where apes meet haute couture. This uniquely dressed primate is part of the Ape Couture Society collection—ready to rock your digital world!,Gray,Leopard Ape,Plain Blue,Eye Patch,No Hat
775,NFT #775,775.png,Where apes meet haute couture. This uniquely dressed primate is part of the Ape Couture Society collection—ready to rock your digital world!,Olive Green,Yellow Ape,Space,Bubblegum 1,No Hat
776,NFT #776,776.png,Where apes meet haute couture. This uniquely dressed primate is part of the Ape Couture Society collection—ready to rock your digital world!,Olive Green,Light Brown Ape,Plain Gray,Eyes Out,Halo
777,NFT #777,777.png,Where apes meet haute couture. This uniquely dressed primate is part of the Ape Couture Society collection—ready to rock your digital world!,Light Blue,Gray Ape,Formal Red,Pipe,America Helmet
778,NFT #778,778.png,Where apes meet haute couture. This uniquely dressed primate is part of the Ape Couture Society collection—ready to rock your digital world!,Dark Blue,Light Brown Ape,No Cloth,Glasses,Sailor Hat
779,NFT #779,779.png,Where apes meet haute couture. This uniquely dressed primate is part of the Ape Couture Society collection—ready to rock your digital world!,Neon Aqua,Pink Ape,Space,Robot Eye,Party Hat
78,NFT #78,78.png,Where apes meet haute couture. This uniquely dressed primate is part of the Ape Couture Society collection—ready to rock your digital world!,Olive Green,Black Ape,Plain Gray,Bubblegum 1,Captain
780,NFT #780,780.png,Where apes meet haute couture. This uniquely dressed primate is part of the Ape Couture Society collection—ready to rock your digital world!,Olive Green,Yellow Ape,No Cloth,Beard,Party Hat
781,NFT #781,781.png,Where apes meet haute couture. This uniquely dressed primate is part of the Ape Couture Society collection—ready to rock your digital world!,Gray,Light Gray Ape,Plain Blue,Bubblegum 2,Crown
782,NFT #782,782.png,Where apes meet haute couture. This uniquely dressed primate is part of the Ape Couture Society collection—ready to rock your digital world!,Neon Aqua,Gray Ape,Prisoner,Beard,No Hat
783,NFT #783,783.png,Where apes meet haute couture. This uniquely dressed primate is part of the Ape Couture Society collection—ready to rock your digital world!,Dark Blue,Light Gray Ape,Plain Blue,Robot Eye,No Hat
784,NFT #784,784.png,Where apes meet haute couture. This uniquely dressed primate is part of the Ape Couture Society collection—ready to rock your digital world!,Gray,Light Brown Ape,Sailor,Glasses,Cowboy Hat
785,NFT #785,785.png,Where apes meet haute couture. This uniquely dressed primate is part of the Ape Couture Society collection—ready to rock your digital world!,Light Blue,Light Brown Ape,Army,Eye Patch,No Hat
786,NFT #786,786.png,Where apes meet haute couture. This uniquely dressed primate is part of the Ape Couture Society collection—ready to rock your digital world!,Light Blue,Black Ape,Plain Blue,Beard,No Hat
787,NFT #787,787.png,Where apes meet haute couture. This uniquely dressed primate is part of the Ape Couture Society collection—ready to rock your digital world!,Gray,Pink Ape,Tank Top White,Glasses,Party Hat
788,NFT #788,788.png,Where apes meet haute couture. This uniquely dressed primate is part of the Ape Couture Society collection—ready to rock your digital world!,Gray,Brown Ape,Prisoner,Laser Eyes,Cowboy Hat
789,NFT #789,789.png,Where apes meet haute couture. This uniquely dressed primate is part of the Ape Couture Society collection—ready to rock your digital world!,Olive Green,Leopard Ape,No Cloth,Mustache,Cowboy Hat
79,NFT #79,79.png,Where apes meet haute couture. This uniquely dressed primate is part of the Ape Couture Society collection—ready to rock your digital world!,Olive Green,Black Ape,Army,Cigar,Halo
790,NFT #790,790.png,Where apes meet haute couture. This uniquely dressed primate is part of the Ape Couture Society collection—ready to rock your digital world!,Light Blue,Light Brown Ape,Space,Cigarette,No Hat
791,NFT #791,791.png,Where apes meet haute couture. This uniquely dressed primate is part of the Ape Couture Society collection—ready to rock your digital world!,Dark Blue,Gray Ape,Tank Top White,Mustache,Captain
792,NFT #792,792.png,Where apes meet haute couture. This uniquely dressed primate is part of the Ape Couture Society collection—ready to rock your digital world!,Olive Green,Pink Ape,Space,Bubblegum 2,Halo
793,NFT #793,793.png,Where apes meet haute couture. This uniquely dressed primate is part of the Ape Couture Society collection—ready to rock your digital world!,Olive Green,Leopard Ape,Plain Blue,Mustache,America Helmet
794,NFT #794,794.png,Where apes meet haute couture. This uniquely dressed primate is part of the Ape Couture Society collection—ready to rock your digital world!,Neon Aqua,Gray Ape,Plain Gray,Cigar,Cowboy Hat
795,NFT #795,795.png,Where apes meet haute couture. This uniquely dressed primate is part of the Ape Couture Society collection—ready to rock your digital world!,Dark Blue,Light Brown Ape,Suit,Mustache,Cowboy Hat
796,NFT #796,796.png,Where apes meet haute couture. This uniquely dressed primate is part of the Ape Couture Society collection—ready to rock your digital world!,Olive Green,Pink Ape,Prisoner,Cigar,Crown
797,NFT #797,797.png,Where apes meet haute couture. This uniquely dressed primate is part of the Ape Couture Society collection—ready to rock your digital world!,Dark Blue,Gray Ape,Space,Pipe,No Hat
798,NFT #798,798.png,Where apes meet haute couture. This uniquely dressed primate is part of the Ape Couture Society collection—ready to rock your digital world!,Yellow,Light Brown Ape,Prisoner,Cigar,Captain
799,NFT #799,799.png,Where apes meet haute couture. This uniquely dressed primate is part of the Ape Couture Society collection—ready to rock your digital world!,Dark Blue,Light Brown Ape,Space,Glasses,Cowboy Hat
8,NFT #8,8.png,Where apes meet haute couture. This uniquely dressed primate is part of the Ape Couture Society collection—ready to rock your digital world!,Light Blue,Light Brown Ape,Plain Gray,Pipe,Captain
80,NFT #80,80.png,Where apes meet haute couture. This uniquely dressed primate is part of the Ape Couture Society collection—ready to rock your digital world!,Dark Blue,Brown Ape,Tank Top White,Cigarette,Sailor Hat
800,NFT #800,800.png,Where apes meet haute couture. This uniquely dressed primate is part of the Ape Couture Society collection—ready to rock your digital world!,Gray,Light Brown Ape,Plain Blue,Bubblegum 2,Halo
801,NFT #801,801.png,Where apes meet haute couture. This uniquely dressed primate is part of the Ape Couture Society collection—ready to rock your digital world!,Dark Blue,Light Brown Ape,No Cloth,Eyes Out,Party Hat
802,NFT #802,802.png,Where apes meet haute couture. This uniquely dressed primate is part of the Ape Couture Society collection—ready to rock your digital world!,Dark Blue,Leopard Ape,Space,Beard,Halo
803,NFT #803,803.png,Where apes meet haute couture. This uniquely dressed primate is part of the Ape Couture Society collection—ready to rock your digital world!,Orange,Light Brown Ape,Summer,Glasses,No Hat
804,NFT #804,804.png,Where apes meet haute couture. This uniquely dressed primate is part of the Ape Couture Society collection—ready to rock your digital world!,Orange,Yellow Ape,Prisoner,Laser Eyes,America Helmet
805,NFT #805,805.png,Where apes meet haute couture. This uniquely dressed primate is part of the Ape Couture Society collection—ready to rock your digital world!,Light Blue,Black Ape,Summer,Bubblegum 1,Captain
806,NFT #806,806.png,Where apes meet haute couture. This uniquely dressed primate is part of the Ape Couture Society collection—ready to rock your digital world!,Gray,Gray Ape,No Cloth,Mustache,Captain
807,NFT #807,807.png,Where apes meet haute couture. This uniquely dressed primate is part of the Ape Couture Society collection—ready to rock your digital world!,Purple,Leopard Ape,Plain Blue,Eyes Out,Halo
808,NFT #808,808.png,Where apes meet haute couture. This uniquely dressed primate is part of the Ape Couture Society collection—ready to rock your digital world!,Orange,Brown Ape,No Cloth,Pipe,America Helmet
809,NFT #809,809.png,Where apes meet haute couture. This uniquely dressed primate is part of the Ape Couture Society collection—ready to rock your digital world!,Olive Green,Black Ape,Sailor,Mustache,Captain
81,NFT #81,81.png,Where apes meet haute couture. This uniquely dressed primate is part of the Ape Couture Society collection—ready to rock your digital world!,Dark Blue,Gray Ape,Space,Mustache,Sailor Hat
810,NFT #810,810.png,Where apes meet haute couture. This uniquely dressed primate is part of the Ape Couture Society collection—ready to rock your digital world!,Neon Aqua,Brown Ape,Tank Top White,Cigarette,No Hat
811,NFT #811,811.png,Where apes meet haute couture. This uniquely dressed primate is part of the Ape Couture Society collection—ready to rock your digital world!,Purple,Gray Ape,Plain Gray,Laser Eyes,Sailor Hat
812,NFT #812,812.png,Where apes meet haute couture. This uniquely dressed primate is part of the Ape Couture Society collection—ready to rock your digital world!,Olive Green,Gray Ape,Army,Cigarette,Cowboy Hat
813,NFT #813,813.png,Where apes meet haute couture. This uniquely dressed primate is part of the Ape Couture Society collection—ready to rock your digital world!,Dark Blue,Pink Ape,No Cloth,Eye Patch,Sailor Hat
814,NFT #814,814.png,Where apes meet haute couture. This uniquely dressed primate is part of the Ape Couture Society collection—ready to rock your digital world!,Light Blue,Brown Ape,Plain Blue,Eye Patch,Sailor Hat
815,NFT #815,815.png,Where apes meet haute couture. This uniquely dressed primate is part of the Ape Couture Society collection—ready to rock your digital world!,Neon Aqua,Leopard Ape,Tank Top White,Glasses,Captain
816,NFT #816,816.png,Where apes meet haute couture. This uniquely dressed primate is part of the Ape Couture Society collection—ready to rock your digital world!,Orange,Gray Ape,Prisoner,Laser Eyes,Sailor Hat
817,NFT #817,817.png,Where apes meet haute couture. This uniquely dressed primate is part of the Ape Couture Society collection—ready to rock your digital world!,Dark Blue,Light Brown Ape,Tank Top White,Glasses,Halo
818,NFT #818,818.png,Where apes meet haute couture. This uniquely dressed primate is part of the Ape Couture Society collection—ready to rock your digital world!,Purple,Light Gray Ape,Tank Top White,Eyes Out,Halo
819,NFT #819,819.png,Where apes meet haute couture. This uniquely dressed primate is part of the Ape Couture Society collection—ready to rock your digital world!,Light Blue,Brown Ape,Space,Beard,Party Hat
82,NFT #82,82.png,Where apes meet haute couture. This uniquely dressed primate is part of the Ape Couture Society collection—ready to rock your digital world!,Purple,Gray Ape,Prisoner,Glasses,No Hat
820,NFT #820,820.png,Where apes meet haute couture. This uniquely dressed primate is part of the Ape Couture Society collection—ready to rock your digital world!,Orange,Brown Ape,Sailor,Glasses,Halo
821,NFT #821,821.png,Where apes meet haute couture. This uniquely dressed primate is part of the Ape Couture Society collection—ready to rock your digital world!,Orange,Pink Ape,Tank Top White,Bubblegum 2,No Hat
822,NFT #822,822.png,Where apes meet haute couture. This uniquely dressed primate is part of the Ape Couture Society collection—ready to rock your digital world!,Yellow,Black Ape,No Cloth,Mustache,Captain
823,NFT #823,823.png,Where apes meet haute couture. This uniquely dressed primate is part of the Ape Couture Society collection—ready to rock your digital world!,Orange,Light Brown Ape,Sailor,Eye Patch,Captain
824,NFT #824,824.png,Where apes meet haute couture. This uniquely dressed primate is part of the Ape Couture Society collection—ready to rock your digital world!,Purple,Black Ape,Suit,Robot Eye,Halo
825,NFT #825,825.png,Where apes meet haute couture. This uniquely dressed primate is part of the Ape Couture Society collection—ready to rock your digital world!,Olive Green,Light Gray Ape,Plain Blue,Robot Eye,Halo
826,NFT #826,826.png,Where apes meet haute couture. This uniquely dressed primate is part of the Ape Couture Society collection—ready to rock your digital world!,Neon Aqua,Leopard Ape,Plain Gray,Cigarette,Crown
827,NFT #827,827.png,Where apes meet haute couture. This uniquely dressed primate is part of the Ape Couture Society collection—ready to rock your digital world!,Olive Green,Gray Ape,Plain Blue,Eyes Out,No Hat
828,NFT #828,828.png,Where apes meet haute couture. This uniquely dressed primate is part of the Ape Couture Society collection—ready to rock your digital world!,Dark Blue,Black Ape,Tank Top White,Bubblegum 1,Halo
829,NFT #829,829.png,Where apes meet haute couture. This uniquely dressed primate is part of the Ape Couture Society collection—ready to rock your digital world!,Light Blue,Gray Ape,Prisoner,Eye Patch,Sailor Hat
83,NFT #83,83.png,Where apes meet haute couture. This uniquely dressed primate is part of the Ape Couture Society collection—ready to rock your digital world!,Yellow,Yellow Ape,Space,Mustache,Captain
830,NFT #830,830.png,Where apes meet haute couture. This uniquely dressed primate is part of the Ape Couture Society collection—ready to rock your digital world!,Light Blue,Leopard Ape,Sailor,Pizza,Cowboy Hat
831,NFT #831,831.png,Where apes meet haute couture. This uniquely dressed primate is part of the Ape Couture Society collection—ready to rock your digital world!,Neon Aqua,Light Brown Ape,Sailor,Pizza,Party Hat
832,NFT #832,832.png,Where apes meet haute couture. This uniquely dressed primate is part of the Ape Couture Society collection—ready to rock your digital world!,Olive Green,Pink Ape,Tank Top White,Laser Eyes,No Hat
833,NFT #833,833.png,Where apes meet haute couture. This uniquely dressed primate is part of the Ape Couture Society collection—ready to rock your digital world!,Orange,Black Ape,No Cloth,Beard,No Hat
834,NFT #834,834.png,Where apes meet haute couture. This uniquely dressed primate is part of the Ape Couture Society collection—ready to rock your digital world!,Light Blue,Pink Ape,Suit,Eye Patch,Cowboy Hat
835,NFT #835,835.png,Where apes meet haute couture. This uniquely dressed primate is part of the Ape Couture Society collection—ready to rock your digital world!,Light Blue,Light Brown Ape,Prisoner,Laser Eyes,Party Hat
836,NFT #836,836.png,Where apes meet haute couture. This uniquely dressed primate is part of the Ape Couture Society collection—ready to rock your digital world!,Gray,Pink Ape,Plain Blue,Robot Eye,No Hat
837,NFT #837,837.png,Where apes meet haute couture. This uniquely dressed primate is part of the Ape Couture Society collection—ready to rock your digital world!,Yellow,Pink Ape,Army,Mustache,Halo
838,NFT #838,838.png,Where apes meet haute couture. This uniquely dressed primate is part of the Ape Couture Society collection—ready to rock your digital world!,Orange,Leopard Ape,No Cloth,Cigarette,Cowboy Hat
839,NFT #839,839.png,Where apes meet haute couture. This uniquely dressed primate is part of the Ape Couture Society collection—ready to rock your digital world!,Neon Aqua,Brown Ape,Tank Top White,Glasses,Sailor Hat
84,NFT #84,84.png,Where apes meet haute couture. This uniquely dressed primate is part of the Ape Couture Society collection—ready to rock your digital world!,Dark Blue,Light Brown Ape,Plain Gray,Bubblegum 2,Sailor Hat
840,NFT #840,840.png,Where apes meet haute couture. This uniquely dressed primate is part of the Ape Couture Society collection—ready to rock your digital world!,Dark Blue,Pink Ape,Plain Blue,Bubblegum 2,Sailor Hat
841,NFT #841,841.png,Where apes meet haute couture. This uniquely dressed primate is part of the Ape Couture Society collection—ready to rock your digital world!,Orange,Leopard Ape,Prisoner,Beard,No Hat
842,NFT #842,842.png,Where apes meet haute couture. This uniquely dressed primate is part of the Ape Couture Society collection—ready to rock your digital world!,Light Blue,Yellow Ape,Prisoner,Robot Eye,America Helmet
843,NFT #843,843.png,Where apes meet haute couture. This uniquely dressed primate is part of the Ape Couture Society collection—ready to rock your digital world!,Purple,Light Brown Ape,No Cloth,Pipe,Crown
844,NFT #844,844.png,Where apes meet haute couture. This uniquely dressed primate is part of the Ape Couture Society collection—ready to rock your digital world!,Purple,Light Brown Ape,Plain Gray,Eye Patch,Halo
845,NFT #845,845.png,Where apes meet haute couture. This uniquely dressed primate is part of the Ape Couture Society collection—ready to rock your digital world!,Orange,Light Gray Ape,Tank Top White,Eyes Out,Halo
846,NFT #846,846.png,Where apes meet haute couture. This uniquely dressed primate is part of the Ape Couture Society collection—ready to rock your digital world!,Dark Blue,Gold Ape,Tank Top White,Bubblegum 2,America Helmet
847,NFT #847,847.png,Where apes meet haute couture. This uniquely dressed primate is part of the Ape Couture Society collection—ready to rock your digital world!,Neon Aqua,Brown Ape,Prisoner,Pipe,Cowboy Hat
848,NFT #848,848.png,Where apes meet haute couture. This uniquely dressed primate is part of the Ape Couture Society collection—ready to rock your digital world!,Olive Green,Light Brown Ape,Tank Top White,Mustache,Captain
849,NFT #849,849.png,Where apes meet haute couture. This uniquely dressed primate is part of the Ape Couture Society collection—ready to rock your digital world!,Purple,Yellow Ape,Tank Top White,Eye Patch,Cowboy Hat
85,NFT #85,85.png,Where apes meet haute couture. This uniquely dressed primate is part of the Ape Couture Society collection—ready to rock your digital world!,Light Blue,Gray Ape,Formal Red,Bubblegum 1,America Helmet
850,NFT #850,850.png,Where apes meet haute couture. This uniquely dressed primate is part of the Ape Couture Society collection—ready to rock your digital world!,Gray,Gray Ape,Graphic Tee Two Mountain,Cigar,Sailor Hat
851,NFT #851,851.png,Where apes meet haute couture. This uniquely dressed primate is part of the Ape Couture Society collection—ready to rock your digital world!,Dark Blue,Gray Ape,Tank Top White,Cigar,America Helmet
852,NFT #852,852.png,Where apes meet haute couture. This uniquely dressed primate is part of the Ape Couture Society collection—ready to rock your digital world!,Olive Green,Yellow Ape,Sailor,Mustache,Captain
853,NFT #853,853.png,Where apes meet haute couture. This uniquely dressed primate is part of the Ape Couture Society collection—ready to rock your digital world!,Light Blue,Gray Ape,Sailor,Mustache,Captain
854,NFT #854,854.png,Where apes meet haute couture. This uniquely dressed primate is part of the Ape Couture Society collection—ready to rock your digital world!,Orange,Pink Ape,Sailor,Cigar,Party Hat
855,NFT #855,855.png,Where apes meet haute couture. This uniquely dressed primate is part of the Ape Couture Society collection—ready to rock your digital world!,Orange,Pink Ape,Formal Red,Bubblegum 2,America Helmet
856,NFT #856,856.png,Where apes meet haute couture. This uniquely dressed primate is part of the Ape Couture Society collection—ready to rock your digital world!,Gray,Leopard Ape,Plain Blue,Bubblegum 1,Captain
857,NFT #857,857.png,Where apes meet haute couture. This uniquely dressed primate is part of the Ape Couture Society collection—ready to rock your digital world!,Gray,Brown Ape,Sailor,Bubblegum 2,Captain
858,NFT #858,858.png,Where apes meet haute couture. This uniquely dressed primate is part of the Ape Couture Society collection—ready to rock your digital world!,Olive Green,Leopard Ape,Prisoner,Eye Patch,Cowboy Hat
859,NFT #859,859.png,Where apes meet haute couture. This uniquely dressed primate is part of the Ape Couture Society collection—ready to rock your digital world!,Gray,Light Brown Ape,No Cloth,Mustache,Sailor Hat
86,NFT #86,86.png,Where apes meet haute couture. This uniquely dressed primate is part of the Ape Couture Society collection—ready to rock your digital world!,Light Blue,Brown Ape,Tank Top White,Robot Eye,Sailor Hat
860,NFT #860,860.png,Where apes meet haute couture. This uniquely dressed primate is part of the Ape Couture Society collection—ready to rock your digital world!,Light Blue,Gray Ape,Plain Gray,Cigar,Halo
861,NFT #861,861.png,Where apes meet haute couture. This uniquely dressed primate is part of the Ape Couture Society collection—ready to rock your digital world!,Gray,Pink Ape,No Cloth,Pizza,Halo
862,NFT #862,862.png,Where apes meet haute couture. This uniquely dressed primate is part of the Ape Couture Society collection—ready to rock your digital world!,Gray,Light Brown Ape,Sailor,Cigarette,Captain
863,NFT #863,863.png,Where apes meet haute couture. This uniquely dressed primate is part of the Ape Couture Society collection—ready to rock your digital world!,Olive Green,Pink Ape,Plain Blue,Pipe,Sailor Hat
864,NFT #864,864.png,Where apes meet haute couture. This uniquely dressed primate is part of the Ape Couture Society collection—ready to rock your digital world!,Orange,Leopard Ape,Tank Top White,Pipe,Halo
865,NFT #865,865.png,Where apes meet haute couture. This uniquely dressed primate is part of the Ape Couture Society collection—ready to rock your digital world!,Light Blue,Light Gray Ape,Sailor,Beard,Halo
866,NFT #866,866.png,Where apes meet haute couture. This uniquely dressed primate is part of the Ape Couture Society collection—ready to rock your digital world!,Olive Green,Pink Ape,Plain Gray,Bubblegum 2,Captain
867,NFT #867,867.png,Where apes meet haute couture. This uniquely dressed primate is part of the Ape Couture Society collection—ready to rock your digital world!,Olive Green,Yellow Ape,No Cloth,Pizza,Captain
868,NFT #868,868.png,Where apes meet haute couture. This uniquely dressed primate is part of the Ape Couture Society collection—ready to rock your digital world!,Purple,Light Brown Ape,Summer,Robot Eye,Sailor Hat
869,NFT #869,869.png,Where apes meet haute couture. This uniquely dressed primate is part of the Ape Couture Society collection—ready to rock your digital world!,Dark Blue,Brown Ape,Suit,Pipe,Cowboy Hat
87,NFT #87,87.png,Where apes meet haute couture. This uniquely dressed primate is part of the Ape Couture Society collection—ready to rock your digital world!,Olive Green,Black Ape,No Cloth,Robot Eye,No Hat
870,NFT #870,870.png,Where apes meet haute couture. This uniquely dressed primate is part of the Ape Couture Society collection—ready to rock your digital world!,Yellow,Pink Ape,Sailor,Beard,Captain
871,NFT #871,871.png,Where apes meet haute couture. This uniquely dressed primate is part of the Ape Couture Society collection—ready to rock your digital world!,Orange,Brown Ape,Sailor,Bubblegum 2,Halo
872,NFT #872,872.png,Where apes meet haute couture. This uniquely dressed primate is part of the Ape Couture Society collection—ready to rock your digital world!,Gray,Pink Ape,Tank Top White,Robot Eye,Sailor Hat
873,NFT #873,873.png,Where apes meet haute couture. This uniquely dressed primate is part of the Ape Couture Society collection—ready to rock your digital world!,Gray,Black Ape,Plain Gray,Mustache,Halo
874,NFT #874,874.png,Where apes meet haute couture. This uniquely dressed primate is part of the Ape Couture Society collection—ready to rock your digital world!,Neon Aqua,Leopard Ape,Plain Blue,Bubblegum 1,No Hat
875,NFT #875,875.png,Where apes meet haute couture. This uniquely dressed primate is part of the Ape Couture Society collection—ready to rock your digital world!,Orange,Black Ape,Space,Mustache,Sailor Hat
876,NFT #876,876.png,Where apes meet haute couture. This uniquely dressed primate is part of the Ape Couture Society collection—ready to rock your digital world!,Dark Blue,Brown Ape,Plain Gray,Beard,America Helmet
877,NFT #877,877.png,Where apes meet haute couture. This uniquely dressed primate is part of the Ape Couture Society collection—ready to rock your digital world!,Neon Aqua,Pink Ape,Formal Red,Beard,Captain
878,NFT #878,878.png,Where apes meet haute couture. This uniquely dressed primate is part of the Ape Couture Society collection—ready to rock your digital world!,Dark Blue,Light Brown Ape,Prisoner,Pipe,No Hat
879,NFT #879,879.png,Where apes meet haute couture. This uniquely dressed primate is part of the Ape Couture Society collection—ready to rock your digital world!,Dark Blue,Black Ape,Plain Blue,Mustache,Cowboy Hat
88,NFT #88,88.png,Where apes meet haute couture. This uniquely dressed primate is part of the Ape Couture Society collection—ready to rock your digital world!,Orange,Yellow Ape,Sailor,Glasses,Cowboy Hat
880,NFT #880,880.png,Where apes meet haute couture. This uniquely dressed primate is part of the Ape Couture Society collection—ready to rock your digital world!,Light Blue,Light Gray Ape,Tank Top White,Robot Eye,No Hat
881,NFT #881,881.png,Where apes meet haute couture. This uniquely dressed primate is part of the Ape Couture Society collection—ready to rock your digital world!,Olive Green,Light Brown Ape,Formal Red,Beard,Halo
882,NFT #882,882.png,Where apes meet haute couture. This uniquely dressed primate is part of the Ape Couture Society collection—ready to rock your digital world!,Purple,Gray Ape,Space,Cigarette,Crown
883,NFT #883,883.png,Where apes meet haute couture. This uniquely dressed primate is part of the Ape Couture Society collection—ready to rock your digital world!,Dark Blue,Light Brown Ape,Army,Cigarette,Party Hat
884,NFT #884,884.png,Where apes meet haute couture. This uniquely dressed primate is part of the Ape Couture Society collection—ready to rock your digital world!,Neon Aqua,Gray Ape,Plain Gray,Pipe,No Hat
885,NFT #885,885.png,Where apes meet haute couture. This uniquely dressed primate is part of the Ape Couture Society collection—ready to rock your digital world!,Orange,Yellow Ape,Prisoner,Cigar,Captain
886,NFT #886,886.png,Where apes meet haute couture. This uniquely dressed primate is part of the Ape Couture Society collection—ready to rock your digital world!,Dark Blue,Light Gray Ape,Formal Red,Glasses,Party Hat
887,NFT #887,887.png,Where apes meet haute couture. This uniquely dressed primate is part of the Ape Couture Society collection—ready to rock your digital world!,Dark Blue,Light Brown Ape,No Cloth,Beard,Party Hat
888,NFT #888,888.png,Where apes meet haute couture. This uniquely dressed primate is part of the Ape Couture Society collection—ready to rock your digital world!,Olive Green,Black Ape,Plain Gray,Eye Patch,Halo
889,NFT #889,889.png,Where apes meet haute couture. This uniquely dressed primate is part of the Ape Couture Society collection—ready to rock your digital world!,Orange,Brown Ape,Summer,Cigar,Halo
89,NFT #89,89.png,Where apes meet haute couture. This uniquely dressed primate is part of the Ape Couture Society collection—ready to rock your digital world!,Orange,Pink Ape,Plain Gray,Mustache,Captain
890,NFT #890,890.png,Where apes meet haute couture. This uniquely dressed primate is part of the Ape Couture Society collection—ready to rock your digital world!,Orange,Black Ape,Space,Bubblegum 1,America Helmet
891,NFT #891,891.png,Where apes meet haute couture. This uniquely dressed primate is part of the Ape Couture Society collection—ready to rock your digital world!,Dark Blue,Pink Ape,Graphic Tee Two Mountain,Beard,Captain
892,NFT #892,892.png,Where apes meet haute couture. This uniquely dressed primate is part of the Ape Couture Society collection—ready to rock your digital world!,Neon Aqua,Yellow Ape,Plain Gray,Glasses,Captain
893,NFT #893,893.png,Where apes meet haute couture. This uniquely dressed primate is part of the Ape Couture Society collection—ready to rock your digital world!,Light Blue,Light Gray Ape,Plain Gray,Pipe,Halo
894,NFT #894,894.png,Where apes meet haute couture. This uniquely dressed primate is part of the Ape Couture Society collection—ready to rock your digital world!,Orange,Light Gray Ape,Graphic Tee Two Mountain,Glasses,Cowboy Hat
895,NFT #895,895.png,Where apes meet haute couture. This uniquely dressed primate is part of the Ape Couture Society collection—ready to rock your digital world!,Neon Aqua,Light Brown Ape,Plain Blue,Cigar,Halo
896,NFT #896,896.png,Where apes meet haute couture. This uniquely dressed primate is part of the Ape Couture Society collection—ready to rock your digital world!,Dark Blue,Pink Ape,Prisoner,Mustache,Halo
897,NFT #897,897.png,Where apes meet haute couture. This uniquely dressed primate is part of the Ape Couture Society collection—ready to rock your digital world!,Yellow,Light Brown Ape,Plain Blue,Eye Patch,Captain
898,NFT #898,898.png,Where apes meet haute couture. This uniquely dressed primate is part of the Ape Couture Society collection—ready to rock your digital world!,Neon Aqua,Pink Ape,Plain Blue,Mustache,Cowboy Hat
899,NFT #899,899.png,Where apes meet haute couture. This uniquely dressed primate is part of the Ape Couture Society collection—ready to rock your digital world!,Purple,Black Ape,Tank Top White,Robot Eye,Captain
9,NFT #9,9.png,Where apes meet haute couture. This uniquely dressed primate is part of the Ape Couture Society collection—ready to rock your digital world!,Gray,Yellow Ape,Tank Top White,Mustache,Halo
90,NFT #90,90.png,Where apes meet haute couture. This uniquely dressed primate is part of the Ape Couture Society collection—ready to rock your digital world!,Yellow,Black Ape,Tank Top White,Mustache,Captain
900,NFT #900,900.png,Where apes meet haute couture. This uniquely dressed primate is part of the Ape Couture Society collection—ready to rock your digital world!,Olive Green,Leopard Ape,No Cloth,Pipe,Party Hat
901,NFT #901,901.png,Where apes meet haute couture. This uniquely dressed primate is part of the Ape Couture Society collection—ready to rock your digital world!,Yellow,Pink Ape,Plain Gray,Cigar,Captain
902,NFT #902,902.png,Where apes meet haute couture. This uniquely dressed primate is part of the Ape Couture Society collection—ready to rock your digital world!,Purple,Black Ape,Prisoner,Eye Patch,Captain
903,NFT #903,903.png,Where apes meet haute couture. This uniquely dressed primate is part of the Ape Couture Society collection—ready to rock your digital world!,Yellow,Light Gray Ape,Army,Laser Eyes,Captain
904,NFT #904,904.png,Where apes meet haute couture. This uniquely dressed primate is part of the Ape Couture Society collection—ready to rock your digital world!,Orange,Gray Ape,Graphic Tee Two Mountain,Pizza,Sailor Hat
905,NFT #905,905.png,Where apes meet haute couture. This uniquely dressed primate is part of the Ape Couture Society collection—ready to rock your digital world!,Dark Blue,Light Brown Ape,Plain Gray,Glasses,No Hat
906,NFT #906,906.png,Where apes meet haute couture. This uniquely dressed primate is part of the Ape Couture Society collection—ready to rock your digital world!,Gray,Light Gray Ape,No Cloth,Beard,Captain
907,NFT #907,907.png,Where apes meet haute couture. This uniquely dressed primate is part of the Ape Couture Society collection—ready to rock your digital world!,Orange,Brown Ape,Plain Blue,Cigarette,Sailor Hat
908,NFT #908,908.png,Where apes meet haute couture. This uniquely dressed primate is part of the Ape Couture Society collection—ready to rock your digital world!,Olive Green,Brown Ape,Army,Pipe,Cowboy Hat
909,NFT #909,909.png,Where apes meet haute couture. This uniquely dressed primate is part of the Ape Couture Society collection—ready to rock your digital world!,Neon Aqua,Gray Ape,No Cloth,Beard,No Hat
91,NFT #91,91.png,Where apes meet haute couture. This uniquely dressed primate is part of the Ape Couture Society collection—ready to rock your digital world!,Gray,Light Brown Ape,Army,Eyes Out,No Hat
910,NFT #910,910.png,Where apes meet haute couture. This uniquely dressed primate is part of the Ape Couture Society collection—ready to rock your digital world!,Olive Green,Light Brown Ape,Tank Top White,Eye Patch,Cowboy Hat
911,NFT #911,911.png,Where apes meet haute couture. This uniquely dressed primate is part of the Ape Couture Society collection—ready to rock your digital world!,Olive Green,Light Gray Ape,Space,Cigarette,Sailor Hat
912,NFT #912,912.png,Where apes meet haute couture. This uniquely dressed primate is part of the Ape Couture Society collection—ready to rock your digital world!,Orange,Gray Ape,Sailor,Cigar,Cowboy Hat
913,NFT #913,913.png,Where apes meet haute couture. This uniquely dressed primate is part of the Ape Couture Society collection—ready to rock your digital world!,Purple,Light Gray Ape,Formal Red,Beard,Sailor Hat
914,NFT #914,914.png,Where apes meet haute couture. This uniquely dressed primate is part of the Ape Couture Society collection—ready to rock your digital world!,Olive Green,Yellow Ape,Plain Blue,Eyes Out,Halo
915,NFT #915,915.png,Where apes meet haute couture. This uniquely dressed primate is part of the Ape Couture Society collection—ready to rock your digital world!,Purple,Pink Ape,Army,Laser Eyes,Captain
916,NFT #916,916.png,Where apes meet haute couture. This uniquely dressed primate is part of the Ape Couture Society collection—ready to rock your digital world!,Yellow,Gray Ape,No Cloth,Eye Patch,Sailor Hat
917,NFT #917,917.png,Where apes meet haute couture. This uniquely dressed primate is part of the Ape Couture Society collection—ready to rock your digital world!,Yellow,Gold Ape,Graphic Tee Two Mountain,Laser Eyes,Captain
918,NFT #918,918.png,Where apes meet haute couture. This uniquely dressed primate is part of the Ape Couture Society collection—ready to rock your digital world!,Purple,Black Ape,Tank Top White,Bubblegum 1,Sailor Hat
919,NFT #919,919.png,Where apes meet haute couture. This uniquely dressed primate is part of the Ape Couture Society collection—ready to rock your digital world!,Gray,Light Gray Ape,Formal Red,Laser Eyes,Cowboy Hat
92,NFT #92,92.png,Where apes meet haute couture. This uniquely dressed primate is part of the Ape Couture Society collection—ready to rock your digital world!,Purple,Brown Ape,Sailor,Bubblegum 2,Halo
920,NFT #920,920.png,Where apes meet haute couture. This uniquely dressed primate is part of the Ape Couture Society collection—ready to rock your digital world!,Gray,Pink Ape,No Cloth,Eye Patch,Sailor Hat
921,NFT #921,921.png,Where apes meet haute couture. This uniquely dressed primate is part of the Ape Couture Society collection—ready to rock your digital world!,Gray,Pink Ape,Prisoner,Cigarette,Party Hat
922,NFT #922,922.png,Where apes meet haute couture. This uniquely dressed primate is part of the Ape Couture Society collection—ready to rock your digital world!,Light Blue,Black Ape,Tank Top White,Eye Patch,Captain
923,NFT #923,923.png,Where apes meet haute couture. This uniquely dressed primate is part of the Ape Couture Society collection—ready to rock your digital world!,Gray,Leopard Ape,Formal Red,Cigar,Crown
924,NFT #924,924.png,Where apes meet haute couture. This uniquely dressed primate is part of the Ape Couture Society collection—ready to rock your digital world!,Neon Aqua,Pink Ape,No Cloth,Mustache,No Hat
925,NFT #925,925.png,Where apes meet haute couture. This uniquely dressed primate is part of the Ape Couture Society collection—ready to rock your digital world!,Neon Aqua,Gray Ape,Tank Top White,Beard,Sailor Hat
926,NFT #926,926.png,Where apes meet haute couture. This uniquely dressed primate is part of the Ape Couture Society collection—ready to rock your digital world!,Orange,Pink Ape,Plain Blue,Laser Eyes,Captain
927,NFT #927,927.png,Where apes meet haute couture. This uniquely dressed primate is part of the Ape Couture Society collection—ready to rock your digital world!,Light Blue,Black Ape,Summer,Glasses,Party Hat
928,NFT #928,928.png,Where apes meet haute couture. This uniquely dressed primate is part of the Ape Couture Society collection—ready to rock your digital world!,Yellow,Brown Ape,Plain Gray,Robot Eye,Cowboy Hat
929,NFT #929,929.png,Where apes meet haute couture. This uniquely dressed primate is part of the Ape Couture Society collection—ready to rock your digital world!,Gray,Light Gray Ape,Tank Top White,Pizza,No Hat
93,NFT #93,93.png,Where apes meet haute couture. This uniquely dressed primate is part of the Ape Couture Society collection—ready to rock your digital world!,Olive Green,Brown Ape,No Cloth,Robot Eye,Halo
930,NFT #930,930.png,Where apes meet haute couture. This uniquely dressed primate is part of the Ape Couture Society collection—ready to rock your digital world!,Orange,Brown Ape,Space,Cigarette,Sailor Hat
931,NFT #931,931.png,Where apes meet haute couture. This uniquely dressed primate is part of the Ape Couture Society collection—ready to rock your digital world!,Purple,Light Gray Ape,Army,Cigarette,Party Hat
932,NFT #932,932.png,Where apes meet haute couture. This uniquely dressed primate is part of the Ape Couture Society collection—ready to rock your digital world!,Olive Green,Yellow Ape,Graphic Tee Two Mountain,Glasses,America Helmet
933,NFT #933,933.png,Where apes meet haute couture. This uniquely dressed primate is part of the Ape Couture Society collection—ready to rock your digital world!,Yellow,Light Gray Ape,Plain Gray,Beard,Party Hat
934,NFT #934,934.png,Where apes meet haute couture. This uniquely dressed primate is part of the Ape Couture Society collection—ready to rock your digital world!,Yellow,Pink Ape,Tank Top White,Glasses,Halo
935,NFT #935,935.png,Where apes meet haute couture. This uniquely dressed primate is part of the Ape Couture Society collection—ready to rock your digital world!,Purple,Gray Ape,Graphic Tee Two Mountain,Cigarette,America Helmet
936,NFT #936,936.png,Where apes meet haute couture. This uniquely dressed primate is part of the Ape Couture Society collection—ready to rock your digital world!,Olive Green,Leopard Ape,Plain Blue,Robot Eye,Cowboy Hat
937,NFT #937,937.png,Where apes meet haute couture. This uniquely dressed primate is part of the Ape Couture Society collection—ready to rock your digital world!,Yellow,Pink Ape,Plain Gray,Bubblegum 2,Sailor Hat
938,NFT #938,938.png,Where apes meet haute couture. This uniquely dressed primate is part of the Ape Couture Society collection—ready to rock your digital world!,Purple,Pink Ape,Graphic Tee Two Mountain,Robot Eye,Crown
939,NFT #939,939.png,Where apes meet haute couture. This uniquely dressed primate is part of the Ape Couture Society collection—ready to rock your digital world!,Yellow,Yellow Ape,Plain Blue,Bubblegum 1,Cowboy Hat
94,NFT #94,94.png,Where apes meet haute couture. This uniquely dressed primate is part of the Ape Couture Society collection—ready to rock your digital world!,Dark Blue,Light Brown Ape,Formal Red,Laser Eyes,Sailor Hat
940,NFT #940,940.png,Where apes meet haute couture. This uniquely dressed primate is part of the Ape Couture Society collection—ready to rock your digital world!,Orange,Light Gray Ape,Tank Top White,Mustache,Captain
941,NFT #941,941.png,Where apes meet haute couture. This uniquely dressed primate is part of the Ape Couture Society collection—ready to rock your digital world!,Neon Aqua,Gray Ape,Graphic Tee Two Mountain,Eye Patch,Halo
942,NFT #942,942.png,Where apes meet haute couture. This uniquely dressed primate is part of the Ape Couture Society collection—ready to rock your digital world!,Yellow,Yellow Ape,No Cloth,Glasses,Captain
943,NFT #943,943.png,Where apes meet haute couture. This uniquely dressed primate is part of the Ape Couture Society collection—ready to rock your digital world!,Yellow,Pink Ape,Plain Gray,Mustache,Captain
944,NFT #944,944.png,Where apes meet haute couture. This uniquely dressed primate is part of the Ape Couture Society collection—ready to rock your digital world!,Olive Green,Gray Ape,Sailor,Cigar,Captain
945,NFT #945,945.png,Where apes meet haute couture. This uniquely dressed primate is part of the Ape Couture Society collection—ready to rock your digital world!,Olive Green,Leopard Ape,Plain Gray,Robot Eye,No Hat
946,NFT #946,946.png,Where apes meet haute couture. This uniquely dressed primate is part of the Ape Couture Society collection—ready to rock your digital world!,Light Blue,Black Ape,Plain Gray,Robot Eye,Halo
947,NFT #947,947.png,Where apes meet haute couture. This uniquely dressed primate is part of the Ape Couture Society collection—ready to rock your digital world!,Yellow,Black Ape,Formal Red,Bubblegum 1,Captain
948,NFT #948,948.png,Where apes meet haute couture. This uniquely dressed primate is part of the Ape Couture Society collection—ready to rock your digital world!,Neon Aqua,Yellow Ape,Army,Eye Patch,Cowboy Hat
949,NFT #949,949.png,Where apes meet haute couture. This uniquely dressed primate is part of the Ape Couture Society collection—ready to rock your digital world!,Purple,Black Ape,Army,Robot Eye,Captain
95,NFT #95,95.png,Where apes meet haute couture. This uniquely dressed primate is part of the Ape Couture Society collection—ready to rock your digital world!,Olive Green,Gray Ape,Graphic Tee Two Mountain,Pipe,Sailor Hat
950,NFT #950,950.png,Where apes meet haute couture. This uniquely dressed primate is part of the Ape Couture Society collection—ready to rock your digital world!,Yellow,Leopard Ape,No Cloth,Cigar,No Hat
951,NFT #951,951.png,Where apes meet haute couture. This uniquely dressed primate is part of the Ape Couture Society collection—ready to rock your digital world!,Neon Aqua,Brown Ape,Prisoner,Mustache,Cowboy Hat
952,NFT #952,952.png,Where apes meet haute couture. This uniquely dressed primate is part of the Ape Couture Society collection—ready to rock your digital world!,Yellow,Black Ape,Tank Top White,Robot Eye,Captain
953,NFT #953,953.png,Where apes meet haute couture. This uniquely dressed primate is part of the Ape Couture Society collection—ready to rock your digital world!,Yellow,Black Ape,Army,Robot Eye,No Hat
954,NFT #954,954.png,Where apes meet haute couture. This uniquely dressed primate is part of the Ape Couture Society collection—ready to rock your digital world!,Light Blue,Light Gray Ape,Space,Mustache,Halo
955,NFT #955,955.png,Where apes meet haute couture. This uniquely dressed primate is part of the Ape Couture Society collection—ready to rock your digital world!,Yellow,Pink Ape,Plain Gray,Cigarette,Crown
956,NFT #956,956.png,Where apes meet haute couture. This uniquely dressed primate is part of the Ape Couture Society collection—ready to rock your digital world!,Olive Green,Leopard Ape,Plain Gray,Glasses,Sailor Hat
957,NFT #957,957.png,Where apes meet haute couture. This uniquely dressed primate is part of the Ape Couture Society collection—ready to rock your digital world!,Dark Blue,Gray Ape,Formal Red,Glasses,Party Hat
958,NFT #958,958.png,Where apes meet haute couture. This uniquely dressed primate is part of the Ape Couture Society collection—ready to rock your digital world!,Light Blue,Black Ape,Plain Gray,Robot Eye,Sailor Hat
959,NFT #959,959.png,Where apes meet haute couture. This uniquely dressed primate is part of the Ape Couture Society collection—ready to rock your digital world!,Gray,Gray Ape,Army,Bubblegum 1,Cowboy Hat
96,NFT #96,96.png,Where apes meet haute couture. This uniquely dressed primate is part of the Ape Couture Society collection—ready to rock your digital world!,Light Blue,Gray Ape,Plain Blue,Eyes Out,No Hat
960,NFT #960,960.png,Where apes meet haute couture. This uniquely dressed primate is part of the Ape Couture Society collection—ready to rock your digital world!,Dark Blue,Gray Ape,Tank Top White,Eye Patch,Party Hat
961,NFT #961,961.png,Where apes meet haute couture. This uniquely dressed primate is part of the Ape Couture Society collection—ready to rock your digital world!,Purple,Leopard Ape,Graphic Tee Two Mountain,Mustache,Captain
962,NFT #962,962.png,Where apes meet haute couture. This uniquely dressed primate is part of the Ape Couture Society collection—ready to rock your digital world!,Light Blue,Black Ape,Plain Gray,Eye Patch,Captain
963,NFT #963,963.png,Where apes meet haute couture. This uniquely dressed primate is part of the Ape Couture Society collection—ready to rock your digital world!,Yellow,Leopard Ape,Plain Blue,Bubblegum 1,No Hat
964,NFT #964,964.png,Where apes meet haute couture. This uniquely dressed primate is part of the Ape Couture Society collection—ready to rock your digital world!,Orange,Yellow Ape,Sailor,Pizza,America Helmet
965,NFT #965,965.png,Where apes meet haute couture. This uniquely dressed primate is part of the Ape Couture Society collection—ready to rock your digital world!,Orange,Brown Ape,No Cloth,Bubblegum 2,Halo
966,NFT #966,966.png,Where apes meet haute couture. This uniquely dressed primate is part of the Ape Couture Society collection—ready to rock your digital world!,Orange,Gray Ape,Formal Red,Robot Eye,Party Hat
967,NFT #967,967.png,Where apes meet haute couture. This uniquely dressed primate is part of the Ape Couture Society collection—ready to rock your digital world!,Gray,Black Ape,Plain Gray,Eye Patch,Cowboy Hat
968,NFT #968,968.png,Where apes meet haute couture. This uniquely dressed primate is part of the Ape Couture Society collection—ready to rock your digital world!,Olive Green,Pink Ape,Tank Top White,Robot Eye,No Hat
969,NFT #969,969.png,Where apes meet haute couture. This uniquely dressed primate is part of the Ape Couture Society collection—ready to rock your digital world!,Orange,Yellow Ape,Plain Blue,Cigar,Sailor Hat
97,NFT #97,97.png,Where apes meet haute couture. This uniquely dressed primate is part of the Ape Couture Society collection—ready to rock your digital world!,Purple,Light Gray Ape,Sailor,Eye Patch,Captain
970,NFT #970,970.png,Where apes meet haute couture. This uniquely dressed primate is part of the Ape Couture Society collection—ready to rock your digital world!,Light Blue,Brown Ape,Prisoner,Robot Eye,Crown
971,NFT #971,971.png,Where apes meet haute couture. This uniquely dressed primate is part of the Ape Couture Society collection—ready to rock your digital world!,Yellow,Light Brown Ape,Sailor,Robot Eye,Crown
972,NFT #972,972.png,Where apes meet haute couture. This uniquely dressed primate is part of the Ape Couture Society collection—ready to rock your digital world!,Dark Blue,Brown Ape,Formal Red,Bubblegum 2,Captain
973,NFT #973,973.png,Where apes meet haute couture. This uniquely dressed primate is part of the Ape Couture Society collection—ready to rock your digital world!,Light Blue,Light Brown Ape,Plain Gray,Glasses,Captain
974,NFT #974,974.png,Where apes meet haute couture. This uniquely dressed primate is part of the Ape Couture Society collection—ready to rock your digital world!,Yellow,Pink Ape,Plain Gray,Beard,Captain
975,NFT #975,975.png,Where apes meet haute couture. This uniquely dressed primate is part of the Ape Couture Society collection—ready to rock your digital world!,Light Blue,Light Gray Ape,Sailor,Cigar,Sailor Hat
976,NFT #976,976.png,Where apes meet haute couture. This uniquely dressed primate is part of the Ape Couture Society collection—ready to rock your digital world!,Gray,Black Ape,Suit,Eye Patch,Cowboy Hat
977,NFT #977,977.png,Where apes meet haute couture. This uniquely dressed primate is part of the Ape Couture Society collection—ready to rock your digital world!,Purple,Gray Ape,Graphic Tee Two Mountain,Cigarette,No Hat
978,NFT #978,978.png,Where apes meet haute couture. This uniquely dressed primate is part of the Ape Couture Society collection—ready to rock your digital world!,Orange,Gray Ape,Army,Cigar,Sailor Hat
979,NFT #979,979.png,Where apes meet haute couture. This uniquely dressed primate is part of the Ape Couture Society collection—ready to rock your digital world!,Purple,Pink Ape,Tank Top White,Glasses,Halo
98,NFT #98,98.png,Where apes meet haute couture. This uniquely dressed primate is part of the Ape Couture Society collection—ready to rock your digital world!,Dark Blue,Pink Ape,No Cloth,Pipe,Sailor Hat
980,NFT #980,980.png,Where apes meet haute couture. This uniquely dressed primate is part of the Ape Couture Society collection—ready to rock your digital world!,Purple,Brown Ape,Plain Blue,Glasses,Crown
981,NFT #981,981.png,Where apes meet haute couture. This uniquely dressed primate is part of the Ape Couture Society collection—ready to rock your digital world!,Purple,Gray Ape,Plain Blue,Robot Eye,America Helmet
982,NFT #982,982.png,Where apes meet haute couture. This uniquely dressed primate is part of the Ape Couture Society collection—ready to rock your digital world!,Gray,Light Gray Ape,Plain Gray,Eye Patch,Captain
983,NFT #983,983.png,Where apes meet haute couture. This uniquely dressed primate is part of the Ape Couture Society collection—ready to rock your digital world!,Purple,Gray Ape,Prisoner,Mustache,America Helmet
984,NFT #984,984.png,Where apes meet haute couture. This uniquely dressed primate is part of the Ape Couture Society collection—ready to rock your digital world!,Yellow,Gray Ape,Plain Blue,Robot Eye,No Hat
985,NFT #985,985.png,Where apes meet haute couture. This uniquely dressed primate is part of the Ape Couture Society collection—ready to rock your digital world!,Neon Aqua,Gray Ape,No Cloth,Robot Eye,Halo
986,NFT #986,986.png,Where apes meet haute couture. This uniquely dressed primate is part of the Ape Couture Society collection—ready to rock your digital world!,Dark Blue,Pink Ape,No Cloth,Beard,Halo
987,NFT #987,987.png,Where apes meet haute couture. This uniquely dressed primate is part of the Ape Couture Society collection—ready to rock your digital world!,Gray,Gray Ape,No Cloth,Mustache,No Hat
988,NFT #988,988.png,Where apes meet haute couture. This uniquely dressed primate is part of the Ape Couture Society collection—ready to rock your digital world!,Dark Blue,Black Ape,Suit,Eye Patch,Sailor Hat
989,NFT #989,989.png,Where apes meet haute couture. This uniquely dressed primate is part of the Ape Couture Society collection—ready to rock your digital world!,Olive Green,Light Gray Ape,Space,Beard,Cowboy Hat
99,NFT #99,99.png,Where apes meet haute couture. This uniquely dressed primate is part of the Ape Couture Society collection—ready to rock your digital world!,Olive Green,Light Brown Ape,Plain Gray,Glasses,Sailor Hat
990,NFT #990,990.png,Where apes meet haute couture. This uniquely dressed primate is part of the Ape Couture Society collection—ready to rock your digital world!,Neon Aqua,Leopard Ape,No Cloth,Pipe,Captain
991,NFT #991,991.png,Where apes meet haute couture. This uniquely dressed primate is part of the Ape Couture Society collection—ready to rock your digital world!,Neon Aqua,Brown Ape,Plain Blue,Robot Eye,Cowboy Hat
992,NFT #992,992.png,Where apes meet haute couture. This uniquely dressed primate is part of the Ape Couture Society collection—ready to rock your digital world!,Gray,Gray Ape,Summer,Beard,Cowboy Hat
993,NFT #993,993.png,Where apes meet haute couture. This uniquely dressed primate is part of the Ape Couture Society collection—ready to rock your digital world!,Gray,Yellow Ape,Space,Glasses,Captain
994,NFT #994,994.png,Where apes meet haute couture. This uniquely dressed primate is part of the Ape Couture Society collection—ready to rock your digital world!,Yellow,Light Brown Ape,No Cloth,Eyes Out,No Hat
995,NFT #995,995.png,Where apes meet haute couture. This uniquely dressed primate is part of the Ape Couture Society collection—ready to rock your digital world!,Orange,Gray Ape,Formal Red,Pipe,No Hat
996,NFT #996,996.png,Where apes meet haute couture. This uniquely dressed primate is part of the Ape Couture Society collection—ready to rock your digital world!,Gray,Yellow Ape,Prisoner,Pipe,No Hat
997,NFT #997,997.png,Where apes meet haute couture. This uniquely dressed primate is part of the Ape Couture Society collection—ready to rock your digital world!,Orange,Pink Ape,Sailor,Mustache,Halo
998,NFT #998,998.png,Where apes meet haute couture. This uniquely dressed primate is part of the Ape Couture Society collection—ready to rock your digital world!,Olive Green,Leopard Ape,Tank Top White,Pipe,Captain
999,NFT #999,999.png,Where apes meet haute couture. This uniquely dressed primate is part of the Ape Couture Society collection—ready to rock your digital world!,Neon Aqua,Leopard Ape,Sailor,Robot Eye,Sailor Hat
